,date,open,high,low,close,am_volume,pm_volume,total_volume
0,2018-02-01,51.3,51.59,51.3,51.58,553.1,325.05,878.15
1,2018-02-02,51.63,51.76,51.45,51.45,609.7,511.7,1121.4
2,2018-02-05,51.62,51.67,51.42,51.51,520.8,460.3,981.1
3,2018-02-06,51.65,51.65,51.46,51.46,625.1,295.2,920.3
4,2018-02-07,51.31,51.35,51.05,51.12,613.55,420.0,1033.55
5,2018-02-08,51.23,51.4,51.18,51.31,523.0,373.0,896.0
6,2018-02-09,51.58,51.79,51.43,51.48,716.0,453.9,1169.9
7,2018-02-12,51.55,51.775,51.485,51.77,528.6,402.0,930.6
8,2018-02-13,51.93,52.0,51.84,51.98,519.5,503.5,1023.0
9,2018-02-14,52.03,52.12,51.905,52.12,568.9,371.0,939.9
10,2018-02-15,52.08,52.08,51.955,52.0,316.0,262.5,578.5
11,2018-02-19,52.3,52.45,52.24,52.34,435.2,590.3,1025.5
12,2018-02-20,52.28,52.31,52.165,52.24,484.3,493.5,977.8
13,2018-02-21,52.165,52.21,52.06,52.1,597.45,368.5,965.95
14,2018-02-22,52.13,52.17,52.03,52.1,421.9,246.5,668.4
15,2018-02-23,52.0,52.05,51.82,51.89,347.6,308.7,656.3
16,2018-02-26,51.8,51.88,51.75,51.86,299.6,216.4,516.0
17,2018-02-27,51.95,52.07,51.95,52.03,458.7,190.0,648.7
18,2018-02-28,52.15,52.18,51.99,52.1,368.6,283.5,652.1
19,2018-04-02,52.13,52.18,52.0,52.035,160.5,343.5,507.0
20,2018-04-03,52.08,52.08,51.94,52.08,398.7,258.8,657.5
21,2018-04-04,52.0,52.14,51.99,52.12,221.9,282.5,504.4
22,2018-04-05,52.125,52.16,52.09,52.115,280.0,202.0,483.0
23,2018-04-06,52.15,52.16,52.01,52.02,376.2,269.6,645.8
24,2018-04-10,52.015,52.03,51.96,52.0,344.2,226.44,570.64
25,2018-04-11,51.92,51.965,51.91,51.945,360.1,223.5,583.6
26,2018-04-12,51.99,52.05,51.97,52.03,406.7,220.5,627.2
27,2018-04-13,52.04,52.045,51.935,51.95,245.05,277.6,522.65
28,2018-04-16,51.92,52.11,51.92,52.07,262.2,255.9,518.1
29,2018-04-17,52.05,52.11,52.05,52.05,255.3,172.0,427.3
30,2018-04-18,52.05,52.135,52.05,52.07,322.5,179.5,502.0
31,2018-04-19,52.05,52.12,52.025,52.1,356.95,297.5,654.45
32,2018-04-20,52.16,52.17,52.09,52.095,228.65,100.85,329.5
33,2018-04-23,52.13,52.26,52.12,52.24,312.1,445.1,757.2
34,2018-04-24,52.355,52.365,52.25,52.32,317.21,303.0,620.21
35,2018-04-25,52.24,52.38,52.19,52.31,366.28,348.36,714.64
36,2018-04-26,52.25,52.28,52.15,52.15,390.5,345.7,736.2
37,2018-04-27,51.95,52.03,51.89,51.965,424.05,382.0,806.05
38,2018-04-30,51.68,51.795,51.67,51.74,343.1,213.1,556.2
39,2018-05-02,51.85,51.93,51.82,51.86,321.9,234.3,556.2
40,2018-05-03,51.95,51.95,51.67,51.67,380.1,343.0,723.1
41,2018-05-04,51.67,51.71,51.555,51.675,385.4,438.0,823.4
42,2018-05-05,51.68,51.92,51.68,51.87,295.5,325.5,585.0
43,2018-05-06,51.86,51.945,51.83,51.85,421.5,305.5,727.0
44,2018-05-09,52.0,52.055,51.95,52.015,456.0,277.9,733.9
45,2018-05-10,52.0,52.0,51.79,51.8,413.4,394.0,807.4
46,2018-05-11,51.95,51.21,51.9,52.19,630.0,495.9,1125.9
47,2018-05-15,52.36,52.5,52.25,52.29,453.0,895.5,1351.5
48,2018-05-16,52.37,52.4,52.22,52.285,462.0,400.9,862.9
49,2018-05-17,52.2,52.34,52.18,52.27,374.8,313.0,678.8
50,2018-05-18,52.27,52.36,52.25,52.33,370.1,320.7,690.8
51,2018-05-21,52.36,52.485,52.345,52.465,407.25,298.0,705.25
52,2018-05-22,52.3,52.38,52.195,52.195,296.5,454.15,52.338
53,2018-05-23,52.27,52.48,52.26,52.47,350.6,179.3,529.9
54,2018-05-24,52.5,52.6,52.45,52.55,546.55,353.4,899.95
55,2018-05-25,52.58,52.705,52.5,52.7,350.0,369.0,719.0
56,2018-05-28,52.635,52.64,52.465,52.49,329.4,308.0,637.4
57,2018-05-29,52.55,52.67,52.51,52.64,395.75,316.3,712.05
58,2018-05-30,52.715,52.755,52.6,52.6,390.1,296.0,686.1
59,2018-05-31,52.53,52.635,52.48,52.52,560.38,326.5,886.88
60,2018-06-01,52.56,52.635,52.55,52.55,283.5,304.0,587.5
61,2018-06-04,52.58,52.62,52.5,52.58,160.0,333.8,493.8
62,2018-06-05,52.58,52.62,52.4,52.4,246.2,400.5,646.7
63,2018-06-06,52.35,52.41,52.32,52.385,500.1,359.0,859.1
64,2018-06-07,52.42,52.5,52.38,52.49,241.2,216.2,457.4
65,2018-06-08,52.54,52.61,52.54,52.7,472.9,251.3,472.9
66,2018-06-11,52.8,52.95,52.8,52.95,389.5,263.6,653.1
67,2018-06-13,53.0,53.26,53.0,53.23,410.37,362.8,773.17
68,2018-06-14,53.3,53.37,53.26,53.27,375.95,420.5,796.45
69,2018-06-18,53.46,53.5,53.4,53.48,340.5,227.5,568.0
70,2018-06-19,53.39,53.49,53.31,53.44,395.2,338.5,733.7
71,2018-06-20,53.33,53.48,53.31,53.48,423.9,226.1,650.0
72,2018-06-21,53.39,53.5,53.35,53.46,475.25,385.7,860.95
73,2018-06-22,53.38,53.46,53.23,53.28,367.5,554.0,921.5
74,2018-06-25,53.35,53.46,53.32,53.44,226.0,223.2,449.2
75,2018-06-26,53.43,53.5,53.35,53.47,429.82,319.0,748.82
76,2018-06-27,53.55,53.55,53.42,53.475,745.2,173.5,918.7
77,2018-06-28,53.5,53.545,53.49,53.515,344.61,276.87,621.49
78,2018-06-29,53.48,53.5,53.29,53.34,436.5,418.9,855.4
79,2018-07-02,53.4,53.445,53.34,53.43,238.2,229.65,467.85
80,2018-07-03,53.44,53.485,53.37,53.375,241.0,270.5,511.5
81,2018-07-04,53.31,53.42,53.28,53.36,367.0,220.1,587.1
82,2018-07-05,53.41,53.44,53.36,53.42,333.5,187.0,520.5
83,2018-07-06,53.41,53.46,53.36,53.42,215.5,291.0,506.5
84,2018-07-09,53.35,53.405,53.32,53.4,419.5,200.7,620.2
85,2018-07-10,53.4,53.51,53.35,53.46,410.7,205.7,616.4
86,2018-07-11,53.54,53.54,53.49,53.5,197.9,158.0,355.9
87,2018-07-12,53.55,53.55,53.495,53.5,364.3,231.0,595.3
88,2018-07-13,53.435,53.53,53.4,53.51,249.3,147.7,397.0
89,2018-07-16,53.5,53.54,53.5,53.53,181.0,109.75,290.75
90,2018-07-17,53.5,53.53,53.38,53.39,248.59,256.0,504.59
91,2018-07-18,53.44,53.525,53.42,53.49,243.05,180.5,423.55
92,2018-07-19,53.475,53.54,53.47,53.53,222.7,112.0,334.7
93,2018-07-20,53.54,53.55,53.47,53.51,239.75,234.3,474.05
94,2018-07-23,53.41,53.49,53.39,53.48,264.0,135.6,399.6
95,2018-07-24,53.54,53.54,53.42,53.42,330.0,338.1,668.1
96,2018-07-25,53.32,53.43,53.32,53.37,309.7,247.4,557.1
97,2018-07-26,53.29,53.455,53.27,53.435,381.7,243.7,625.4
98,2018-07-27,53.5,53.5,53.28,53.285,454.3,340.5,794.8
99,2018-07-30,53.25,53.32,53.19,53.22,372.5,292.0,664.5
100,2018-07-31,53.15,53.22,53.09,53.095,369.21,301.6,670.81
101,2018-08-01,53.05,53.15,53.05,53.08,371.38,270.75,642.13
102,2018-08-02,52.985,53.11,52.935,53.09,471.7,377.5,849.2
103,2018-08-03,53.15,53.195,53.085,53.15,315.95,279.2,595.15
104,2018-08-06,53.1,53.135,52.84,52.85,401.75,491.15,892.9
105,2018-08-07,52.85,53.015,52.85,53.0,325.5,356.0,681.5
106,2018-08-08,52.93,53.08,52.93,53.07,478.75,242.4,721.15
107,2018-08-09,53.055,53.185,53.035,53.09,440.1,242.0,682.1
108,2018-08-10,53.13,53.2,53.09,53.135,358.7,305.6,664.3
109,2018-08-13,53.18,53.375,53.18,53.37,423.8,348.1,786.4
110,2018-08-14,53.5,53.51,53.39,53.39,318.95,374.05,693.0
111,2018-08-15,53.45,53.535,53.45,53.47,298.7,287.2,585.9
112,2018-08-16,53.47,53.5,53.37,53.44,387.4,456.7,844.1
113,2018-08-17,53.41,53.455,53.37,53.425,301.8,280.08,581.88
114,2018-08-20,53.38,53.41,53.37,53.38,270.1,154.25,424.35
115,2018-08-22,53.36,53.44,53.35,53.425,184.05,201.1,385.15
116,2018-08-23,53.46,53.51,53.45,53.48,375.05,201.4,576.45
117,2018-08-24,53.51,53.52,53.46,53.465,211.05,210.0,421.05
118,2018-08-28,53.36,53.42,53.32,53.325,305.3,335.55,640.85
119,2018-08-29,53.35,53.47,53.35,53.46,366.25,161.05,527.3
120,2018-08-30,53.43,53.485,53.405,53.43,257.44,243.85,501.28
121,2018-08-31,53.48,53.51,53.45,53.475,220.1,163.75,383.85
122,2018-09-03,53.53,53.535,53.46,53.46,262.3,223.5,485.8
123,2018-09-04,53.5,53.55,53.495,53.535,260.5,180.25,440.75
124,2018-09-05,53.535,53.56,53.51,53.55,321.15,1059.0,1380.15
125,2018-09-06,53.525,53.8,53.525,53.8,499.5,412.0,911.5
126,2018-09-07,53.85,53.975,53.61,53.73,490.8,466.1,956.9
127,2018-09-10,53.79,53.92,53.77,53.88,226.65,208.25,434.9
128,2018-09-11,53.94,53.97,53.87,53.94,196.6,237.5,434.1
129,2018-09-12,53.9,54.14,53.89,54.13,184.0,588.5,772.5
130,2018-09-13,53.99,54.09,53.935,54.07,444.1,214.2,658.3
131,2018-09-14,54.02,54.06,53.965,53.97,315.5,344.65,660.15
132,2018-09-17,54.1,54.28,54.1,54.11,229.7,577.5,807.2
133,2018-09-18,54.15,54.17,54.06,54.07,347.85,418.6,766.45
134,2018-09-19,54.05,54.11,53.97,53.99,317.8,339.9,657.7
135,2018-09-20,53.91,54.1,53.91,54.075,352.1,254.0,606.1
136,2018-09-21,54.03,54.08,53.95,54.04,365.4,304.5,669.9
137,2018-09-24,54.12,54.28,54.12,54.23,381.1,289.5,670.6
138,2018-09-25,54.245,54.35,54.245,54.31,259.7,408.65,668.35
139,2018-09-26,54.29,54.325,54.22,54.325,372.4,251.0,623.4
140,2018-09-27,54.275,54.295,54.19,54.23,432.87,294.5,727.37
141,2018-09-28,54.1,54.16,54.0,54.02,339.1,360.6,699.7
142,2018-10-01,54.03,54.13,54.03,54.11,221.03,164.67,385.7
143,2018-10-02,54.18,54.29,54.18,54.25,315.9,339.5,655.4
144,2018-10-03,54.25,54.27,54.17,54.18,323.0,402.2,725.2
145,2018-10-04,54.27,54.41,54.27,54.32,411.6,481.5,893.1
146,2018-10-05,54.3,54.33,54.23,54.23,355.7,236.8,592.5
147,2018-10-08,54.25,54.3,54.15,54.185,403.0,442.04,845.04
148,2018-10-09,54.16,54.24,54.1,54.24,414.0,191.0,605.0
149,2018-10-10,54.19,54.22,54.11,54.18,383.5,337.3,720.8
150,2018-10-11,54.22,54.28,54.16,54.18,358.5,306.5,665.0
151,2018-10-12,54.1,54.14,54.03,54.13,458.2,317.9,776.1
152,2018-10-15,54.12,54.19,54.05,54.08,213.4,315.5,528.9
153,2018-10-16,54.03,54.09,53.96,53.96,371.2,406.6,777.8
154,2018-10-17,53.87,53.95,53.84,53.89,444.7,428.25,872.95
155,2018-10-18,53.98,54.045,53.94,53.965,387.75,341.5,729.25
156,2018-10-19,54.02,54.04,53.7,53.7,391.12,513.9,905.02
157,2018-10-22,53.74,53.805,53.65,53.79,355.9,507.5,863.4
158,2018-10-23,53.88,53.92,53.795,53.815,339.4,372.5,711.9
159,2018-10-24,53.78,53.79,53.69,53.725,476.65,230.4,707.05
160,2018-10-25,53.81,53.83,53.745,53.8,348.6,318.5,667.1
161,2018-10-26,53.75,53.77,53.64,53.64,447.2,275.8,723.0
162,2018-10-29,53.57,53.635,53.54,53.56,286.95,358.3,645.25
163,2018-10-30,53.61,53.66,53.54,53.59,331.73,394.5,726.23
164,2018-10-31,53.55,53.58,53.5,53.535,493.7,520.85,1014.55
165,2018-11-05,53.27,53.31,53.22,53.22,426.2,316.05,742.25
166,2018-11-06,53.21,53.26,53.025,53.025,555.69,428.1,983.78
167,2018-11-07,52.93,53.11,52.89,52.95,804.0,643.45,1447.45
168,2018-11-08,52.83,52.85,52.485,52.57,812.45,540.55,1353.0
169,2018-11-09,52.87,52.97,52.83,52.96,560.65,336.85,897.5
170,2018-11-12,53.09,53.3,53.09,53.295,278.3,387.8,666.1
171,2018-11-13,53.28,53.3,53.08,53.1,461.7,277.0,738.7
172,2018-11-14,53.05,53.13,52.97,53.09,458.5,273.0,731.5
173,2018-11-15,52.98,53.0,52.8,52.805,433.8,365.5,799.3
174,2018-11-16,52.65,52.74,52.625,52.715,383.7,372.9,756.6
175,2018-11-19,52.6,52.65,52.55,52.57,289.61,272.2,561.81
176,2018-11-20,52.53,52.63,52.39,52.39,309.4,454.41,763.81
177,2018-11-21,52.49,52.61,52.35,52.35,390.1,337.55,727.65
178,2018-11-22,52.23,52.43,52.2,52.41,562.23,352.4,914.63
179,2018-11-23,52.35,52.485,52.32,52.45,342.54,312.7,655.24
180,2018-11-26,52.42,52.465,52.35,52.35,425.5,329.9,755.4
181,2018-11-27,52.52,52.62,52.43,52.605,470.0,596.6,1066.6
182,2018-11-28,52.67,52.72,52.51,52.585,654.22,398.7,1052.92
183,2018-11-29,52.47,52.48,52.29,52.45,520.52,640.38,1160.89
184,2018-12-03,52.35,52.395,52.275,52.32,451.2,514.4,965.6
185,2018-12-04,52.515,52.6,52.49,52.52,656.33,401.6,1057.93
186,2018-12-05,52.79,52.815,52.64,52.74,832.15,451.2,1283.35
187,2018-12-06,52.7,52.91,52.7,52.76,378.05,615.2,993.25
188,2018-12-07,52.689,52.73,52.6,52.71,486.15,487.8,973.95
189,2018-12-10,52.78,52.825,52.72,52.8,240.0,363.12,603.12
190,2018-12-11,52.83,52.91,52.76,52.77,505.5,401.35,906.85
191,2018-12-12,52.69,52.73,52.635,52.715,437.0,328.15,765.15
192,2018-12-13,52.6,52.65,52.575,52.62,351.15,346.5,697.65
193,2018-12-14,52.66,52.9,52.66,52.88,339.75,338.0,677.75
194,2018-12-17,53.05,53.08,52.95,52.98,332.9,353.05,685.95
195,2018-12-18,52.98,53.07,52.91,53.07,373.41,417.05,790.46
196,2018-12-19,53.0,53.105,52.97,53.07,383.05,275.8,658.85
197,2018-12-20,53.15,53.25,53.09,53.1,329.9,356.02,685.92
198,2018-12-21,53.15,53.215,52.86,52.86,484.0,242.55,726.55
199,2018-12-27,52.9,53.0,52.665,52.665,374.75,432.7,807.45
200,2018-12-28,52.65,52.65,52.52,52.58,370.4,294.0,664.4
201,2019-01-02,52.5,52.63,52.5,52.515,370.7,209.35,580.05
202,2019-01-03,52.55,52.72,52.53,52.65,403.7,393.8,797.5
203,2019-01-04,52.62,52.63,52.51,52.51,405.3,279.65,684.95
204,2019-01-07,52.4,52.445,52.315,52.38,479.3,343.15,822.45
205,2019-01-08,52.39,52.49,52.38,52.47,415.4,383.5,798.9
206,2019-01-09,52.41,52.43,52.345,52.345,398.95,376.69,775.64
207,2019-01-10,52.2,52.23,52.13,52.225,864.02,234.1,1098.12
208,2019-01-11,52.28,52.32,52.14,52.14,558.0,273.0,831.0
209,2019-01-14,52.17,52.275,52.11,52.26,333.5,360.39,693.89
210,2019-01-15,52.17,52.17,52.03,52.03,468.16,592.96,1061.11
211,2019-01-16,52.14,52.22,52.13,52.13,372.3,306.9,679.2
212,2019-01-17,52.15,52.46,52.15,52.41,494.22,438.0,932.22
213,2019-01-18,52.4,52.55,52.35,52.515,453.35,353.87,807.22
214,2019-01-21,52.6,52.81,52.6,52.8,621.68,384.71,1006.38
215,2019-01-22,52.77,53.04,52.77,52.93,547.2,686.85,1234.05
216,2019-01-23,52.83,52.87,52.72,52.75,658.29,336.0,994.29
217,2019-01-24,52.65,52.86,52.64,52.86,672.59,277.9,950.49
218,2019-01-25,52.9,52.91,52.53,52.535,554.6,460.75,1015.35
219,2019-01-28,52.51,52.58,52.38,52.57,486.45,399.62,886.07
220,2019-01-29,52.53,52.565,52.41,52.43,396.03,543.0,939.03
221,2019-01-30,52.43,52.43,52.31,52.345,599.92,333.4,933.32
222,2019-01-31,52.25,52.25,52.09,52.12,614.25,400.5,1014.75
223,2019-02-01,52.13,52.31,52.1,52.23,531.8,349.5,881.3
224,2019-02-04,52.32,52.45,52.28,52.41,439.4,403.5,842.9
225,2019-02-06,52.34,52.35,52.235,52.235,364.3,382.1,746.4
226,2019-02-07,52.3,52.365,52.2,52.24,735.8,532.9,1268.7
227,2019-02-08,52.175,52.24,52.07,52.07,755.8,476.9,1232.7
228,2019-02-11,52.11,52.125,51.91,52.11,633.2,506.6,1139.8
229,2019-02-12,52.185,52.27,52.075,52.075,674.2,490.5,1164.7
230,2019-02-13,51.96,52.17,51.9,52.13,649.89,448.5,1098.39
231,2019-02-14,52.24,52.39,52.185,52.38,493.55,603.5,1097.05
232,2019-02-15,52.35,52.5,52.29,52.43,523.9,233.0,756.9
233,2019-02-18,52.34,52.38,52.3,52.33,484.0,332.3,816.3
234,2019-02-19,52.34,52.4,52.21,52.21,471.7,413.9,885.6
235,2019-02-20,52.14,52.15,52.03,52.06,500.6,372.74,873.34
236,2019-02-21,51.98,52.145,51.97,52.13,602.5,631.6,1234.1
237,2019-02-22,52.24,52.25,52.04,52.065,564.67,397.2,961.87
238,2019-02-26,51.955,52.1,51.95,52.025,370.0,539.11,909.11
239,2019-02-27,52.0,52.08,51.905,51.91,565.35,582.09,1147.44
240,2019-02-28,51.82,51.85,51.7,51.7,567.85,882.6,1450.45
241,2019-03-01,51.86,51.87,51.7,51.7,326.91,545.4,872.31
242,2019-03-04,51.765,51.84,51.68,51.72,702.25,391.7,1093.95
243,2019-03-05,51.8,52.26,51.79,52.24,942.74,540.45,1483.19
244,2019-03-06,52.28,52.41,52.15,52.165,776.73,533.68,1310.42
245,2019-03-07,52.2,52.24,52.12,52.15,626.2,452.5,1078.7
246,2019-03-08,52.3,52.385,52.23,52.25,658.2,574.43,1232.63
247,2019-03-11,52.25,52.28,52.17,52.2,490.39,343.15,833.54
248,2019-03-12,52.13,52.7,52.11,52.7,961.23,782.7,1743.93
249,2019-03-13,52.75,52.86,52.55,52.55,817.58,937.8,1755.38
250,2019-03-14,52.5,52.695,52.5,52.6,596.95,605.2,1202.15
251,2019-03-15,52.64,52.75,52.62,52.65,461.9,514.5,976.4
252,2019-03-18,52.63,52.72,52.62,52.65,444.2,402.2,846.4
253,2019-03-19,52.66,52.84,52.66,52.83,680.85,460.5,1141.35
254,2019-03-20,52.9,52.95,52.8,52.81,395.3,475.5,870.8
255,2019-03-21,52.77,52.89,52.725,52.84,650.28,359.0,1009.28
256,2019-03-22,52.6,52.67,52.32,52.32,595.8,584.04,1179.84
257,2019-03-25,52.55,52.66,52.49,52.52,507.6,378.6,886.2
258,2019-03-26,52.45,52.49,52.37,52.445,462.0,308.05,770.05
259,2019-03-27,52.6,52.64,52.54,52.61,366.3,337.9,704.2
260,2019-03-28,52.71,52.85,52.7,52.75,557.75,371.97,929.72
261,2019-03-29,52.7,52.74,52.46,52.5,422.85,478.92,901.77
262,2019-04-01,52.6,52.6,52.47,52.505,482.23,319.3,801.53
263,2019-04-02,52.5,52.57,52.43,52.44,512.71,411.9,924.61
264,2019-04-03,52.38,52.4,52.07,52.08,528.35,420.6,948.95
265,2019-04-04,52.13,52.195,52.01,52.18,692.0,482.6,1174.6
266,2019-04-05,52.28,52.33,52.09,52.1,486.02,478.5,964.52
267,2019-04-08,52.2,52.245,52.11,52.14,396.38,477.54,873.93
268,2019-04-10,52.1,52.1,51.9,51.9,536.0,454.0,990.0
269,2019-04-11,51.9,51.95,51.82,51.835,367.0,323.5,690.5
270,2019-04-12,52.05,52.09,51.77,51.765,562.9,435.5,998.4
271,2019-04-15,51.76,51.76,51.63,51.64,241.6,339.4,581.0
272,2019-04-16,51.7,51.77,51.67,51.765,474.95,335.5,810.45
273,2019-04-17,51.8,51.88,51.74,51.765,545.72,448.66,994.38
274,2019-04-22,51.75,52.1,51.75,52.04,550.2,426.7,976.9
275,2019-04-24,52.14,52.325,52.1,52.23,788.33,585.15,1373.48
276,2019-04-25,52.32,52.36,52.13,52.14,509.5,451.5,961.0
277,2019-04-26,52.18,52.21,52.09,52.18,580.81,207.0,787.81
278,2019-04-29,52.09,52.16,52.06,52.11,536.25,420.77,957.02
279,2019-04-30,52.1,52.185,51.98,52.105,751.5,652.28,1403.78
280,2019-05-02,51.77,51.945,51.74,51.87,694.4,552.05,1246.45
281,2019-05-03,51.93,51.97,51.85,51.85,453.0,254.2,707.2
282,2019-05-06,52.06,52.08,51.925,51.925,504.63,265.7,770.33
283,2019-05-07,52.0,52.0,51.84,51.865,443.18,523.1,966.28
284,2019-05-08,52.0,52.12,51.945,52.11,477.5,534.1,1011.6
285,2019-05-09,52.2,52.35,52.145,52.3,675.9,361.87,1037.77
286,2019-05-10,52.225,52.27,52.085,52.12,707.91,293.9,1001.81
287,2019-05-14,52.37,52.45,52.345,52.435,471.9,409.2,881.1
288,2019-05-15,52.43,52.43,52.28,52.35,406.8,440.5,847.3
289,2019-05-16,52.36,52.485,52.36,52.48,358.26,357.01,715.27
290,2019-05-17,52.55,52.65,52.445,52.63,592.28,596.05,1188.33
291,2019-05-20,52.6,52.71,52.57,52.59,577.62,506.0,1083.62
292,2019-05-21,52.57,52.61,52.47,52.475,530.0,571.6,1101.6
293,2019-05-22,52.47,52.54,52.425,52.53,332.45,445.5,777.95
294,2019-05-23,52.48,52.55,52.48,52.5,444.5,295.5,740.0
295,2019-05-24,52.5,52.525,52.16,52.16,282.86,564.0,846.86
296,2019-05-27,52.15,52.23,52.075,52.22,347.81,285.5,633.31
297,2019-05-28,52.22,52.32,52.19,52.3,486.5,427.3,913.8
298,2019-05-29,52.33,52.43,52.33,52.35,437.2,436.0,873.2
299,2019-05-30,52.35,52.37,52.155,52.19,525.0,367.15,892.15
300,2019-05-31,52.228,52.29,52.16,52.16,460.6,527.72,988.32
301,2019-06-03,52.15,52.15,51.91,51.91,470.35,312.5,782.85
302,2019-06-04,51.75,51.815,51.7,51.78,612.95,426.8,1039.75
303,2019-06-06,51.76,51.83,51.73,51.74,283.9,430.5,714.4
304,2019-06-07,51.68,52.04,51.66,52.04,461.49,522.5,983.99
305,2019-06-10,52.05,52.18,51.99,52.1,557.9,461.6,1019.5
306,2019-06-11,52.05,52.05,51.84,51.85,428.6,438.85,867.45
307,2019-06-13,51.95,51.98,51.83,51.865,570.75,349.09,919.84
308,2019-06-14,51.9,52.025,51.845,52.02,429.89,440.5,870.39
309,2019-06-17,52.05,52.21,52.04,52.145,469.33,486.4,955.73
310,2019-06-18,52.2,52.2,51.99,51.99,419.9,344.01,763.91
311,2019-06-19,51.85,51.945,51.83,51.89,517.45,385.0,902.45
312,2019-06-20,51.75,51.78,51.645,51.645,408.51,420.65,829.16
313,2019-06-21,51.4,51.57,51.395,51.57,665.11,504.5,1169.61
314,2019-06-24,51.45,51.55,51.39,51.39,438.4,293.6,732.0
315,2019-06-25,51.33,51.42,51.29,51.365,366.9,405.02,771.92
316,2019-06-26,51.46,51.57,51.45,51.5,526.31,416.4,942.71
317,2019-06-27,51.38,51.405,51.27,51.27,493.97,382.9,876.87
318,2019-06-28,51.2,51.27,51.17,51.24,401.83,324.96,726.79
319,2019-07-01,51.23,51.285,51.045,51.05,404.3,465.9,870.2
320,2019-07-02,51.17,51.2,51.0,51.11,466.2,465.2,931.4
321,2019-07-03,51.2,51.25,51.12,51.16,507.95,416.25,924.2
322,2019-07-04,51.18,51.2,51.04,51.13,528.7,247.0,775.7
323,2019-07-05,51.2,51.21,51.1,51.195,340.94,429.3,770.24
324,2019-07-08,51.35,51.38,51.29,51.32,365.08,286.4,651.48
325,2019-07-09,51.36,51.4,51.26,51.31,454.92,307.0,761.92
326,2019-07-10,51.405,51.48,51.36,51.46,397.68,332.01,729.69
327,2019-07-11,51.3,51.34,51.19,51.19,558.5,324.81,883.31
328,2019-07-12,51.25,51.28,51.08,51.13,423.46,487.5,910.96
329,2019-07-15,51.155,51.155,51.0,51.0,365.86,379.1,744.96
330,2019-07-16,51.0,51.0,50.88,50.9,411.9,633.13,1045.3
331,2019-07-17,50.95,51.16,50.88,51.13,597.68,610.16,1207.84
332,2019-07-18,51.085,51.1,50.94,50.97,667.4,552.5,1219.9
333,2019-07-19,51.0,51.06,50.92,51.04,546.6,548.02,1094.62
334,2019-07-22,51.075,51.14,51.07,51.076,442.0,283.91,725.91
335,2019-07-23,51.12,51.2,51.12,51.135,414.75,339.36,754.11
336,2019-07-24,51.225,51.295,51.17,51.175,650.5,516.95,1167.45
337,2019-07-25,51.14,51.15,51.07,51.11,426.1,405.75,831.85
338,2019-07-26,51.2,51.21,51.055,51.055,404.7,454.64,859.34
339,2019-07-29,51.005,51.1,50.93,51.09,468.25,299.0,767.25
340,2019-07-30,51.02,51.065,50.89,50.89,728.96,395.3,1124.26
341,2019-07-31,50.82,50.92,50.81,50.89,383.7,501.87,885.57
342,2019-08-01,51.01,51.23,51.01,51.2,471.25,513.11,984.36
343,2019-08-02,51.32,51.48,51.27,51.43,643.75,624.5,1268.25
344,2019-08-05,51.6,51.85,51.55,51.79,739.07,651.0,1390.07
345,2019-08-06,52.1,52.1,51.88,51.955,707.44,613.0,1320.44
346,2019-08-07,52.05,52.36,52.0,52.32,1054.97,669.0,1723.97
347,2019-08-08,52.28,52.395,52.04,52.04,958.05,494.5,1452.55
348,2019-08-09,51.96,51.97,51.84,51.88,552.06,362.65,914.71
349,2019-08-13,52.1,52.47,52.07,52.46,594.41,614.73,1209.14
350,2019-08-14,52.1,52.32,52.1,52.28,614.07,656.05,1270.12
351,2019-08-15,52.35,52.62,52.35,52.545,776.5,884.7,1661.2
352,2019-08-16,52.55,52.55,52.37,52.44,773.65,623.0,1396.65
353,2019-08-19,52.35,52.4,52.27,52.31,638.64,430.4,1069.04
354,2019-08-20,52.37,52.45,52.29,52.29,632.27,497.1,1129.37
355,2019-08-22,52.25,52.32,52.17,52.255,597.7,668.5,1266.2
356,2019-08-23,52.34,52.37,52.27,52.27,719.2,489.2,1208.4
357,2019-08-27,52.42,52.45,52.26,52.26,540.3,680.28,1220.58
358,2019-08-28,52.28,52.33,52.22,52.321,467.66,639.5,1107.16
359,2019-08-29,52.35,52.4,52.18,52.18,515.5,632.1,1147.6
360,2019-08-30,52.17,52.18,52.04,52.05,477.53,512.0,989.53
361,2019-09-02,52.17,52.19,52.08,52.105,648.0,586.6,1234.6
362,2019-09-03,52.23,52.365,52.19,52.31,646.0,690.2,1336.2
363,2019-09-04,52.25,52.93,51.92,51.935,626.4,653.0,1279.4
364,2019-09-05,51.885,52.02,51.82,52.01,810.9,638.19,1449.09
365,2019-09-06,51.95,52.055,51.85,51.905,589.3,860.5,1449.8
366,2019-09-09,51.88,51.9,51.77,51.865,603.0,470.0,1073.0
367,2019-09-10,51.9,52.04,51.84,51.98,757.35,737.8,1495.15
368,2019-09-11,52.05,52.195,52.05,52.15,892.7,543.95,1436.65
369,2019-09-12,52.06,52.09,51.91,51.93,566.6,604.17,1170.77
370,2019-09-13,52.1,52.47,52.07,52.46,594.41,614.73,1209.14
371,2019-09-13,51.88,51.911,51.77,51.91,613.6,559.0,1172.6
372,2019-09-16,52.15,52.36,52.13,52.28,768.86,556.49,1325.35
373,2019-09-17,52.33,52.395,52.23,52.26,637.35,503.5,1140.85
374,2019-09-18,52.17,52.26,52.15,52.2,512.33,400.0,912.33
375,2019-09-19,52.31,52.333,52.18,52.18,605.9,508.4,1114.3
376,2019-09-20,52.26,52.26,51.96,51.96,464.15,680.54,1144.69
377,2019-09-23,52.05,52.225,51.95,52.185,503.5,754.9,1258.4
378,2019-09-24,52.12,52.25,52.12,52.15,662.09,563.0,1225.09
379,2019-09-25,52.25,52.295,52.21,52.211,623.7,417.55,1041.25
380,2019-09-26,52.22,52.24,52.07,52.11,652.4,495.2,1147.6
381,2019-09-27,52.15,52.18,51.86,51.875,634.3,575.3,1209.6
382,2019-09-30,51.88,51.88,51.73,51.83,535.44,455.83,991.27
383,2019-10-01,51.8,52.01,51.76,51.93,629.5,544.2,1173.7
384,2019-10-02,51.92,52.01,51.87,51.94,567.6,401.5,969.1
385,2019-10-03,51.97,52.03,51.8,51.815,632.25,553.75,1186.0
386,2019-10-04,51.7,51.77,51.65,51.73,630.81,492.0,1122.81
387,2019-10-07,51.75,51.93,51.75,51.86,397.1,431.5,828.6
388,2019-10-08,51.87,51.9,51.69,51.77,606.4,523.1,1129.5
389,2019-10-09,51.9,51.92,51.77,51.79,653.19,581.33,1234.52
390,2019-10-10,51.8,51.8,51.64,51.64,558.46,600.17,1158.63
391,2019-10-11,51.55,51.615,51.475,51.58,553.6,427.65,981.25
392,2019-10-14,51.57,51.6,51.43,51.57,780.45,391.85,1172.3
393,2019-10-15,51.55,51.675,51.5,51.641,793.3,573.26,1366.56
394,2019-10-16,51.66,51.74,51.56,51.595,519.95,639.81,1159.76
395,2019-10-17,51.5,51.53,51.425,51.42,704.78,586.7,1291.48
396,2019-10-18,51.36,51.395,51.29,51.295,621.15,415.8,1036.95
397,2019-10-21,51.23,51.24,51.095,51.105,510.3,592.73,1103.03
398,2019-10-22,51.07,51.245,51.05,51.18,876.33,520.58,1396.91
399,2019-10-23,51.23,51.285,50.97,50.97,466.49,696.5,1162.99
400,2019-10-24,51.0,51.29,50.92,51.24,419.5,806.0,1225.5
401,2019-10-25,51.25,51.33,51.12,51.135,769.05,627.7,1396.75
402,2019-10-28,51.15,51.18,51.08,51.08,245.5,419.8,665.3
403,2019-10-29,51.08,51.105,50.98,51.09,487.85,548.0,1035.85
404,2019-10-30,51.07,51.09,50.885,50.885,464.1,585.8,1049.9
405,2019-10-31,50.88,50.88,50.715,50.74,683.54,477.4,1160.94
406,2019-11-04,50.57,50.6,50.43,50.5,556.0,313.5,869.5
407,2019-11-05,50.55,50.63,50.4,50.41,708.0,480.8,1188.8
408,2019-11-06,50.55,50.7,50.45,50.61,567.5,544.6,1112.1
409,2019-11-07,50.68,50.69,50.42,50.481,522.6,628.82,1150.62
410,2019-11-08,50.63,50.888,50.6,50.86,404.3,641.77,1046.07
411,2019-11-11,50.63,50.888,50.6,50.86,404.3,641.77,1046.07
412,2019-11-12,50.78,50.915,50.68,50.73,904.0,649.5,1553.5
413,2019-11-13,50.86,50.93,50.815,50.82,973.0,491.4,1464.4
414,2019-11-14,50.93,50.95,50.68,50.68,666.0,504.0,1170.0
415,2019-11-15,50.6,50.67,50.55,50.65,633.3,482.9,1116.2
416,2019-11-18,50.6,50.69,50.575,50.661,501.5,383.3,884.8
417,2019-11-19,50.79,50.89,50.74,50.9,385.35,574.4,959.75
418,2019-11-20,50.97,51.025,50.87,50.87,445.0,502.5,947.5
419,2019-11-21,50.95,51.03,50.85,50.865,916.35,522.35,1438.7
420,2019-11-22,50.8,50.845,50.725,50.8,480.6,618.6,1099.2
421,2019-11-25,50.85,50.85,50.74,50.755,656.75,546.5,1203.25
422,2019-11-26,50.72,50.9,50.66,50.9,708.4,588.01,1296.41
423,2019-11-27,50.84,50.92,50.8,50.8,408.3,449.95,858.25
424,2019-11-28,50.82,50.87,50.7,50.705,587.0,458.55,1045.55
425,2019-11-29,50.7,50.89,50.69,50.81,509.85,598.57,1108.42
426,2019-12-02,50.85,51.08,50.79,51.08,463.5,537.13,1000.63
427,2019-12-03,51.08,51.135,50.95,50.951,782.5,716.97,1499.47
428,2019-12-04,51.1,51.15,50.975,51.02,783.29,644.8,1428.09
429,2019-12-05,50.95,50.95,50.78,50.8,616.46,405.57,1022.03
430,2019-12-06,50.72,50.79,50.72,50.765,317.4,581.8,899.2
431,2019-12-09,50.83,50.875,50.77,50.77,303.6,349.8,653.4
432,2019-12-10,50.82,50.82,50.7,50.735,380.2,362.16,742.36
433,2019-12-11,50.7,50.87,50.695,50.81,422.0,360.8,782.8
434,2019-12-12,50.79,50.79,50.7,50.711,402.3,391.8,794.1
435,2019-12-13,50.5,50.645,50.46,50.64,919.35,408.1,1327.45
436,2019-12-16,50.65,50.67,50.57,50.635,231.7,270.3,502.0
437,2019-12-17,50.6,50.625,50.58,50.58,339.2,330.94,670.14
438,2019-12-18,50.57,50.65,50.56,50.631,469.6,292.5,762.1
439,2019-12-19,50.61,50.665,50.61,50.635,533.8,464.9,998.7
440,2019-12-20,50.63,50.86,50.625,50.815,241.9,593.85,835.75
441,2019-12-23,50.77,50.915,50.755,50.83,307.0,450.0,757.0
442,2019-12-26,50.8,50.85,50.675,50.821,479.37,596.7,1076.07
443,2019-12-27,50.78,50.94,50.635,50.635,658.85,671.5,1330.35
444,2020-01-02,50.6,50.715,50.565,50.685,478.5,466.05,944.55
445,2020-01-02,50.6,50.715,50.565,50.685,478.5,466.05,944.55
446,2020-01-08,51.16,51.25,50.74,50.756,1355.1,608.5,1963.6
447,2020-01-09,50.65,50.74,50.525,50.651,902.07,680.35,1582.42
448,2020-01-10,50.67,50.76,50.63,50.66,785.5,367.24,1152.74
449,2020-01-14,50.4,50.63,50.37,50.581,748.6,660.2,1408.8
450,2020-01-15,50.68,50.755,50.63,50.715,762.1,488.1,1250.2
451,2020-01-16,50.63,50.888,50.62,50.831,546.9,677.9,1224.8
452,2020-01-17,50.87,50.98,50.81,50.891,775.2,525.41,1300.61
453,2020-01-20,50.93,51.04,50.83,50.975,862.0,697.7,1559.7
454,2020-01-21,50.975,51.1,50.975,51.015,842.0,504.53,1346.53
455,2020-01-22,51.06,51.085,50.86,50.91,821.93,271.9,1093.83
456,2020-01-23,50.96,51.049,50.9,50.98,480.75,501.2,981.95
457,2020-01-24,51.0,51.01,50.81,50.815,524.9,557.65,1082.55
458,2020-01-27,50.88,50.94,50.8,50.835,534.45,253.5,787.95
459,2020-01-28,50.9,50.925,50.74,50.75,329.55,448.55,778.1
460,2020-01-29,50.72,50.85,50.695,50.83,453.15,431.4,884.55
461,2020-01-30,50.89,51.0,50.83,50.96,448.4,500.1,948.5
462,2020-01-31,50.93,50.93,50.82,50.83,533.1,423.7,956.8
463,2020-02-03,50.95,51.05,50.8,50.8,656.5,416.5,1073.0
464,2020-02-04,50.85,50.85,50.725,50.765,599.9,354.0,953.9
465,2020-02-05,50.7,50.92,50.7,50.92,523.5,407.1,930.6
466,2020-02-06,50.82,50.83,50.73,50.78,519.6,398.2,917.8
467,2020-02-07,50.85,50.86,50.74,50.755,471.0,300.92,771.92
468,2020-02-10,50.85,50.855,50.74,50.78,260.0,321.4,581.4
469,2020-02-11,50.75,50.75,50.665,50.695,442.8,219.7,662.5
470,2020-02-12,50.54,50.605,50.52,50.57,398.5,415.17,813.67
471,2020-02-13,50.57,50.59,50.43,50.5,554.0,552.8,1106.8
472,2020-02-14,50.47,50.58,50.42,50.56,435.5,396.0,831.5
473,2020-02-17,50.58,50.61,50.52,50.57,566.3,405.2,971.5
474,2020-02-18,50.63,50.65,50.57,50.645,552.0,381.9,933.9
475,2020-02-19,50.6,50.69,50.57,50.58,883.64,351.6,1235.24
476,2020-02-20,50.6,50.69,50.57,50.58,883.64,351.6,1235.24
477,2020-02-21,50.69,50.98,50.67,50.94,772.5,599.7,1372.2
478,2020-02-24,50.98,51.08,50.94,50.96,552.4,750.7,1303.1
479,2020-02-26,51.085,51.13,50.99,51.035,808.2,621.9,1430.1
480,2020-02-27,51.02,51.04,50.78,50.815,664.55,755.6,1420.15
481,2020-02-28,50.82,51.01,50.8,50.97,987.2,697.5,1684.7
482,2020-03-02,51.02,51.095,50.62,50.63,878.0,590.25,1468.25
483,2020-03-03,50.65,50.78,50.55,50.69,739.8,500.0,1239.8
484,2020-03-04,50.68,50.73,50.54,50.551,676.5,511.4,1187.9
485,2020-03-05,50.6,50.64,50.575,50.585,476.25,469.2,945.45
486,2020-03-06,50.65,50.77,50.61,50.64,627.75,761.3,1389.05
487,2020-03-09,50.63,50.715,50.54,50.58,502.6,268.5,771.1
488,2020-03-10,50.57,50.57,50.47,50.5,436.5,442.5,879.0
489,2020-03-11,50.5,50.56,50.465,50.55,497.2,436.8,934.0
490,2020-03-12,50.65,51.05,50.63,50.85,879.0,496.7,1375.7
491,2020-03-13,51.25,51.31,50.85,51.03,697.0,719.6,1416.6
492,2020-03-16,51.25,51.5,50.99,51.5,352.69,416.7,769.39
493,2020-03-18,51.8,51.85,51.01,51.05,434.75,277.5,51.394
494,2020-03-19,51.3,51.38,51.05,51.1,388.58,208.5,597.08
495,2020-03-20,51.15,51.24,50.75,50.97,378.7,197.3,576.0
496,2020-03-23,51.15,51.33,51.11,51.33,327.8,94.9,422.7
497,2020-03-24,51.2,51.21,50.9,50.9,341.4,222.5,563.9
498,2020-03-25,50.85,51.27,50.8,51.14,391.1,251.5,642.6
499,2020-03-26,50.98,51.15,50.9,51.07,256.0,164.1,420.1
500,2020-03-27,50.888,51.05,50.83,51.0,296.7,159.5,456.2
501,2020-03-30,51.0,51.1,50.85,50.96,168.0,147.35,315.35
502,2020-03-31,50.85,50.89,50.68,50.68,230.0,133.1,363.1
503,2020-04-01,50.7,50.93,50.67,50.88,222.7,123.3,346.0
504,2020-04-02,51.0,51.03,50.8,50.85,268.0,156.9,424.9
505,2020-04-03,50.78,50.808,50.715,50.72,155.8,114.7,270.5
506,2020-04-06,50.72,50.85,50.65,50.72,243.97,113.1,357.07
507,2020-04-07,50.65,50.8,50.625,50.68,259.6,196.3,455.9
508,2020-04-08,50.6,50.695,50.58,50.585,380.0,141.0,521.0
509,2020-04-13,50.62,50.65,50.57,50.595,132.7,61.5,194.2
510,2020-04-14,50.63,50.65,50.54,50.63,259.2,81.2,340.4
511,2020-04-15,50.65,50.67,50.6,50.62,157.4,91.2,248.6
512,2020-04-16,50.73,50.8,50.65,50.8,187.1,165.0,352.1
513,2020-04-17,50.78,50.93,50.72,50.9,318.5,173.1,491.6
514,2020-04-20,50.9,50.96,50.76,50.79,239.1,81.46,320.57
515,2020-04-21,50.83,50.905,50.765,50.79,305.7,76.2,381.9
516,2020-04-22,50.85,50.85,50.79,50.8,124.48,88.3,212.77
517,2020-04-23,50.7,50.74,50.67,50.67,203.5,86.5,290.0
518,2020-04-24,50.68,50.85,50.68,50.84,212.28,179.4,391.68
519,2020-04-27,50.75,50.77,50.695,50.695,83.5,130.32,213.82
520,2020-04-28,50.69,50.725,50.66,50.67,242.31,126.22,368.53
521,2020-04-29,50.62,50.64,50.5,50.51,354.0,144.5,498.5
522,2020-04-30,50.41,50.5,50.4,50.4,425.8,481.0,906.8
523,2020-05-04,50.55,50.62,50.54,50.595,177.9,171.45,349.35
524,2020-05-05,50.61,50.61,50.49,50.52,397.86,160.8,558.66
525,2020-05-06,50.61,50.64,50.455,50.46,334.35,204.85,539.19
526,2020-05-07,50.54,50.57,50.48,50.56,278.39,280.0,558.39
527,2020-05-08,50.5,50.51,50.41,50.42,237.3,195.9,433.2
528,2020-05-11,50.45,50.45,50.3,50.3,403.42,70.8,474.21
529,2020-05-12,50.38,50.4,50.27,50.31,221.65,170.2,391.85
530,2020-05-13,50.32,50.32,50.26,50.26,243.1,147.4,390.5
531,2020-05-14,50.29,50.5,50.29,50.445,416.41,149.2,565.61
532,2020-05-15,50.46,50.76,50.46,50.76,539.6,310.3,849.9
533,2020-05-18,50.7,50.915,50.67,50.9,678.5,209.7,888.2
534,2020-05-19,50.82,50.83,50.7,50.7,334.0,233.8,567.8
535,2020-05-20,50.7,50.75,50.615,50.65,523.0,396.2,919.2
536,2020-05-21,50.59,50.63,50.52,50.61,521.1,257.5,778.6
537,2020-05-22,50.73,50.8,50.7,50.7,439.1,236.0,675.1
538,2020-05-26,50.68,50.7,50.53,50.53,277.7,213.8,491.5
539,2020-05-27,50.51,50.68,50.46,50.68,600.86,255.62,856.48
540,2020-05-28,50.63,50.8,50.63,50.69,440.68,324.6,765.28
541,2020-06-01,50.5,50.53,50.315,50.32,464.25,235.5,699.75
542,2020-06-02,50.31,50.41,50.28,50.34,560.9,316.2,877.1
543,2020-06-03,50.18,50.23,50.1,50.1,499.75,355.97,855.72
544,2020-06-04,49.93,50.03,49.92,50.0,398.1,204.1,602.2
545,2020-06-05,49.93,50.05,49.8,49.8,536.5,474.85,1011.35
546,2020-06-08,49.83,49.97,49.8,49.9,436.0,215.3,651.3
547,2020-06-09,49.85,50.01,49.85,49.95,695.85,191.6,887.46
548,2020-06-10,50.05,50.07,49.83,49.85,793.71,326.58,1120.29
549,2020-06-11,49.93,50.2,49.8,50.195,496.6,477.64,974.24
550,2020-06-15,50.3,50.39,50.24,50.345,507.0,284.9,791.9
551,2020-06-16,50.23,50.26,50.03,50.07,590.0,311.5,901.5
552,2020-06-17,50.13,50.2,49.95,50.03,505.0,263.5,768.5
553,2020-06-18,50.06,50.18,49.96,50.17,726.63,439.7,1166.33
554,2020-06-19,50.18,50.22,50.06,50.06,458.32,350.7,809.02
555,2020-06-22,50.05,50.14,50.03,50.14,302.56,154.4,456.96
556,2020-06-23,50.1,50.25,50.09,50.19,687.2,204.6,891.8
557,2020-06-24,50.11,50.13,49.97,49.98,478.65,192.65,671.3
558,2020-06-25,50.05,50.05,49.95,50.0,503.5,345.43,848.93
559,2020-06-26,50.0,50.0,49.89,49.92,508.6,229.6,738.2
560,2020-06-29,49.92,49.95,49.81,49.855,571.84,247.38,819.22
561,2020-06-30,49.75,49.84,49.74,49.83,416.3,226.43,642.73
562,2020-07-01,49.76,49.87,49.76,49.82,414.4,267.05,681.45
563,2020-07-02,49.77,49.82,49.73,49.73,373.16,242.5,615.66
564,2020-07-03,49.7,49.7,49.55,49.55,443.8,314.5,758.649
565,2020-07-06,49.52,49.55,49.36,49.381,300.47,309.3,609.77
566,2020-07-07,49.35,49.55,49.3,49.54,715.8,376.5,1092.3
567,2020-07-08,49.54,49.63,49.46,49.47,569.08,191.65,760.73
568,2020-07-09,49.455,49.5,49.39,49.41,377.2,264.5,641.7
569,2020-07-10,49.5,49.52,49.45,49.485,393.9,291.0,684.9
570,2020-07-13,49.455,49.455,49.375,49.45,430.15,237.0,667.15
571,2020-07-14,49.52,49.58,49.505,49.545,576.7,217.0,793.7
572,2020-07-15,49.45,49.495,49.425,49.48,364.8,199.0,563.8
573,2020-07-16,49.49,49.6,49.49,49.535,517.3,251.19,768.49
574,2020-07-17,49.55,49.57,49.41,49.44,386.3,301.5,687.8
575,2020-07-20,49.45,49.46,49.375,49.375,300.03,192.3,492.33
576,2020-07-21,49.3,49.4,49.27,49.39,353.1,323.15,676.25
577,2020-07-22,49.3,49.38,49.295,49.375,392.13,175.0,567.13
578,2020-07-23,49.45,49.45,49.36,49.365,297.0,184.2,481.2
579,2020-07-24,49.38,49.4,49.325,49.33,284.4,188.1,472.5
580,2020-07-27,49.3,49.32,49.16,49.25,526.17,312.0,838.17
581,2020-07-28,49.12,49.28,49.12,49.19,554.9,294.5,849.4
582,2020-07-29,49.19,49.24,49.19,49.19,356.3,195.41,551.71
583,2020-07-30,49.115,49.19,49.07,49.15,412.05,397.5,809.55
584,2020-08-03,49.15,49.185,49.07,49.095,375.3,193.35,568.65
585,2020-08-04,49.12,49.14,49.095,49.095,283.3,187.05,470.35
586,2020-08-05,49.06,49.09,49.01,49.05,335.1,252.0,587.1
587,2020-08-06,49.072,49.105,49.041,49.041,470.4,177.0,647.4
588,2020-08-07,49.05,49.06,49.01,49.01,189.3,220.0,409.3
589,2020-08-10,49.05,49.06,49.01,49.01,189.3,220.0,409.3
590,2020-08-11,49.08,49.08,48.92,48.92,485.9,257.5,743.4
591,2020-08-12,48.925,49.0,48.92,48.94,532.6,263.32,795.92
592,2020-08-13,48.9,48.93,48.84,48.84,303.6,328.5,632.1
593,2020-08-14,48.83,48.85,48.75,48.765,265.3,334.35,599.65
594,2020-08-17,48.7,48.72,48.665,48.71,213.8,209.5,423.3
595,2020-08-18,48.66,48.66,48.61,48.625,478.0,397.4,875.4
596,2020-08-19,48.61,48.61,48.525,48.575,400.0,394.5,794.5
597,2020-08-20,48.61,48.71,48.61,48.68,405.26,383.4,788.66
598,2020-08-24,48.66,48.69,48.62,48.62,267.7,214.1,481.8
599,2020-08-25,48.52,48.52,48.5,48.5,442.1,232.5,674.6
600,2020-08-26,48.52,48.55,48.515,48.52,306.0,175.5,481.5
601,2020-08-27,48.57,48.68,48.55,48.63,597.48,178.58,776.07
602,2020-08-28,48.6,48.6,48.45,48.485,642.5,548.5,1191.0
603,2020-09-01,48.48,48.545,48.44,48.48,499.0,320.1,819.1
604,2020-09-02,48.53,48.63,48.53,48.53,511.25,190.7,701.95
605,2020-09-03,48.57,48.59,48.48,48.58,406.75,240.3,647.05
606,2020-09-04,48.63,48.64,48.55,48.62,453.5,236.1,689.6
607,2020-09-07,48.58,48.67,48.555,48.67,450.5,315.3,765.8
608,2020-09-08,48.65,48.68,48.54,48.56,296.2,391.17,687.37
609,2020-09-09,48.63,48.66,48.585,48.66,334.5,250.4,584.9
610,2020-09-10,48.6,48.61,48.55,48.57,371.36,177.6,548.96
611,2020-09-11,48.6,48.6,48.505,48.54,610.0,293.65,903.65
612,2020-09-14,48.56,48.56,48.51,48.51,93.3,119.3,212.6
613,2020-09-15,48.48,48.48,48.4,48.4,591.9,292.4,884.3
614,2020-09-16,48.43,48.45,48.35,48.385,453.15,178.8,631.95
615,2020-09-17,48.435,48.53,48.4,48.51,545.9,165.0,710.9
616,2020-09-18,48.46,48.46,48.365,48.395,575.74,256.8,832.54
617,2020-09-21,48.38,48.39,48.35,48.365,452.8,210.03,662.83
618,2020-09-22,48.46,48.49,48.415,48.46,375.5,173.3,548.8
619,2020-09-23,48.52,48.54,48.465,48.47,431.0,149.05,580.05
620,2020-09-24,48.6,48.61,48.51,48.56,342.7,242.45,585.15
621,2020-09-25,48.55,48.55,48.43,48.46,342.4,371.1,713.5
622,2020-09-28,48.45,48.52,48.41,48.51,342.8,147.55,490.35
623,2020-09-29,48.45,48.5,48.44,48.5,308.01,228.2,536.21
624,2020-09-30,48.41,48.5,48.38,48.495,393.67,332.9,726.57
625,2020-10-01,48.46,48.51,48.41,48.43,561.6,246.0,807.6
626,2020-10-02,48.42,48.5,48.42,48.48,496.4,318.5,814.9
627,2020-10-05,48.46,48.46,48.395,48.405,322.5,176.8,499.3
628,2020-10-06,48.35,48.42,48.33,48.38,442.7,215.5,658.2
629,2020-10-07,48.48,48.5,48.38,48.39,365.9,218.5,584.4
630,2020-10-08,48.43,48.43,48.35,48.355,284.35,235.0,519.35
631,2020-10-09,48.38,48.38,48.28,48.305,435.0,127.37,562.37
632,2020-10-12,48.35,48.47,48.33,48.47,363.85,236.5,600.35
633,2020-10-13,48.57,48.61,48.5,48.535,539.0,282.6,821.6
634,2020-10-14,48.67,48.69,48.565,48.65,458.41,257.2,715.61
635,2020-10-15,48.58,48.69,48.56,48.68,529.51,299.5,829.01
636,2020-10-16,48.63,48.65,48.61,48.625,311.05,276.7,587.75
637,2020-10-19,48.62,48.62,48.54,48.6,325.9,182.51,508.41
638,2020-10-20,48.54,48.63,48.52,48.62,613.78,255.55,869.33
639,2020-10-21,48.53,48.625,48.53,48.585,473.5,237.2,710.7
640,2020-10-22,48.55,48.61,48.55,48.6,376.8,237.6,614.4
641,2020-10-23,48.64,48.675,48.47,48.48,616.2,273.4,889.6
642,2020-10-26,48.42,48.42,48.36,48.395,395.45,275.8,671.25
643,2020-10-27,48.4,48.48,48.37,48.375,621.0,217.87,838.87
644,2020-10-28,48.35,48.4,48.33,48.375,273.1,261.5,534.6
645,2020-10-29,48.43,48.45,48.38,48.39,357.45,166.7,524.15
646,2020-10-30,48.37,48.43,48.37,48.4,427.5,389.9,817.4
647,2020-11-03,48.38,48.42,48.355,48.41,310.45,199.6,510.05
648,2020-11-04,48.4,48.46,48.35,48.4,563.13,167.73,730.86
649,2020-11-05,48.35,48.385,48.305,48.31,370.8,291.07,661.87
650,2020-11-06,48.27,48.3,48.22,48.22,494.0,285.0,779.0
651,2020-11-09,48.15,48.18,48.11,48.145,403.7,275.6,679.3
652,2020-11-10,48.24,48.27,48.2,48.27,530.5,180.1,710.6
653,2020-11-11,48.35,48.35,48.25,48.27,267.2,240.7,507.9
654,2020-11-13,48.46,48.46,48.2,48.21,402.0,267.1,669.1
655,2020-11-16,48.16,48.225,48.14,48.225,304.4,260.6,565.0
656,2020-11-17,48.2,48.26,48.2,48.24,464.42,241.4,705.82
657,2020-11-18,48.28,48.29,48.22,48.22,315.8,320.0,635.8
658,2020-11-19,48.25,48.33,48.245,48.315,387.22,305.08,692.3
659,2020-11-20,48.27,48.27,48.21,48.23,442.6,218.0,660.6
660,2020-11-23,48.23,48.23,48.165,48.205,249.0,176.4,425.4
661,2020-11-24,48.24,48.24,48.14,48.145,379.2,368.55,747.75
662,2020-11-25,48.11,48.15,48.09,48.13,291.77,273.5,565.27
663,2020-11-26,48.11,48.12,48.08,48.115,238.31,337.4,575.71
664,2020-11-27,48.13,48.13,48.055,48.06,361.3,422.1,783.4
665,2020-12-02,48.04,48.06,48.025,48.05,366.95,375.5,742.45
666,2020-12-03,48.045,48.06,48.031,48.045,437.8,256.0,693.8
667,2020-12-04,48.04,48.045,48.02,48.04,330.7,690.08,1020.78
668,2020-12-07,48.07,48.09,48.055,48.08,201.95,337.5,539.45
669,2020-12-09,48.12,48.125,47.12,48.05,273.1,232.7,505.8
670,2020-12-10,48.1,48.1,48.05,48.065,203.9,294.2,498.1
671,2020-12-11,48.08,48.085,48.055,48.07,329.65,211.2,540.85
672,2020-12-14,48.1,48.1,48.04,48.05,106.5,252.3,358.8
673,2020-12-15,48.06,48.08,48.05,48.063,231.0,259.65,490.65
674,2020-12-16,48.06,48.066,48.05,48.066,148.3,351.55,499.86
675,2020-12-17,48.06,48.07,48.04,48.045,310.92,363.67,674.59
676,2020-12-18,48.05,48.085,48.04,48.085,167.8,630.02,797.82
677,2020-12-21,48.09,48.095,48.05,48.085,167.1,232.8,399.9
678,2020-12-22,48.1,48.125,48.07,48.095,213.2,244.2,457.4
679,2020-12-23,48.075,48.085,48.045,48.07,268.3,410.9,679.2
680,2020-12-28,48.05,48.06,48.02,48.055,252.09,255.28,507.38
681,2020-12-29,48.04,48.27,48.011,48.023,205.75,525.5,731.25
682,2021-01-04,48.02,48.035,48.015,48.02,335.1,538.65,873.75
683,2021-01-05,48.04,48.07,48.025,48.065,258.5,327.5,586.0
684,2021-01-06,48.055,48.075,48.03,48.033,272.8,216.0,488.8
685,2021-01-07,48.045,48.07,48.04,48.07,176.75,341.7,518.45
686,2021-01-08,48.12,48.12,48.045,48.088,396.57,330.8,727.37
687,2021-01-11,48.1,48.115,48.065,48.1,254.2,197.0,451.2
688,2021-01-12,48.08,48.09,48.045,48.051,216.4,259.85,476.25
689,2021-01-13,48.03,48.07,48.03,48.069,224.0,411.1,635.1
690,2021-01-14,48.08,48.08,48.06,48.07,180.25,268.8,449.05
691,2021-01-15,48.05,48.08,48.041,48.065,177.1,335.0,512.1
692,2021-01-18,48.08,48.08,48.055,48.075,170.6,248.1,418.7
693,2021-01-19,48.06,48.082,48.055,48.078,289.4,361.2,650.6
694,2021-01-20,48.03,48.06,48.03,48.06,368.2,359.3,727.5
695,2021-01-21,48.04,48.058,48.035,48.054,222.0,377.4,599.4
696,2021-01-22,48.07,48.095,48.06,48.06,465.5,624.8,1090.3
697,2021-01-25,48.07,48.085,48.05,48.079,297.8,465.25,763.05
698,2021-01-26,48.07,48.085,48.05,48.08,406.6,608.0,1014.6
699,2021-01-27,48.06,48.095,48.055,48.075,602.5,521.07,1123.57
700,2021-01-28,48.115,48.145,48.097,48.11,579.0,609.61,1188.61
701,2021-01-29,48.07,48.085,48.07,48.08,258.1,427.6,685.7
702,2021-02-01,48.06,48.077,48.05,48.065,411.2,376.75,787.95
703,2021-02-02,48.07,48.07,48.05,48.053,258.7,339.0,597.7
704,2021-02-03,48.025,48.03,48.016,48.019,1122.7,452.0,1574.7
705,2021-02-04,48.04,48.098,48.03,48.08,654.84,507.25,1162.09
706,2021-02-05,48.1,48.11,48.07,48.07,385.05,221.0,606.05
707,2021-02-08,48.055,48.06,48.04,48.046,198.45,314.6,513.05
708,2021-02-09,48.06,48.06,48.04,48.049,176.7,180.9,357.6
709,2021-02-10,48.04,48.045,48.034,48.038,298.0,599.5,897.5
710,2021-02-11,48.04,48.049,48.023,48.045,300.5,427.0,727.5
711,2021-02-15,48.04,48.06,47.9,47.93,926.0,586.5,1512.5
712,2021-02-16,47.95,48.25,47.935,48.25,381.2,658.55,1039.75
713,2021-02-17,48.3,48.47,48.28,48.38,597.0,790.57,1387.57
714,2021-02-18,48.35,48.5,48.32,48.5,486.7,899.2,1385.9
715,2021-02-19,48.43,48.47,48.39,48.451,440.42,286.2,726.62
716,2021-02-22,48.44,48.7,48.43,48.7,662.5,625.6,1288.1
717,2021-02-23,48.72,48.76,48.64,48.64,727.7,493.5,1221.2
718,2021-02-24,48.6,48.75,48.57,48.605,589.6,597.7,1187.3
719,2021-02-26,48.75,48.75,48.49,48.59,621.65,703.9,1325.55
720,2021-03-01,48.6,48.67,48.54,48.59,320.6,357.85,678.45
721,2021-03-02,48.58,48.61,48.5,48.565,407.0,449.94,856.94
722,2021-03-03,48.48,48.61,48.45,48.48,682.7,412.05,1094.75
723,2021-03-04,48.53,48.65,48.53,48.62,363.53,453.7,817.23
724,2021-03-05,48.66,48.67,48.525,48.56,421.0,512.45,933.45
725,2021-03-08,48.55,48.61,48.51,48.561,323.75,362.23,685.98
726,2021-03-09,48.655,48.67,48.47,48.48,543.2,347.05,890.25
727,2021-03-10,48.45,48.69,48.43,48.6,584.8,430.5,1015.3
728,2021-03-11,48.57,48.59,48.465,48.5,472.75,319.9,792.65
729,2021-03-12,48.44,48.5,48.38,48.455,565.73,348.0,913.73
730,2021-03-15,48.46,48.555,48.43,48.54,500.6,297.95,798.55
731,2021-03-16,48.55,48.66,48.51,48.635,329.5,392.4,721.9
732,2021-03-17,48.65,48.74,48.577,48.725,374.0,419.7,793.7
733,2021-03-18,48.64,48.72,48.62,48.68,375.0,373.3,748.3
734,2021-03-19,48.66,48.71,48.6,48.62,224.8,363.8,588.6
735,2021-03-22,48.59,48.62,48.56,48.58,337.6,297.2,634.8
736,2021-03-23,48.56,48.645,48.55,48.631,450.94,265.4,716.34
737,2021-03-24,48.69,48.7,48.665,48.665,344.25,305.5,649.75
738,2021-03-25,48.66,48.66,48.56,48.58,280.69,410.6,691.29
739,2021-03-26,48.55,48.585,48.48,48.49,266.8,474.0,740.8
740,2021-03-29,48.47,48.51,48.415,48.415,280.4,296.0,576.4
741,2021-03-30,48.42,48.555,48.41,48.545,365.67,405.0,770.67
742,2021-03-31,48.535,48.6,48.515,48.53,444.09,489.1,933.19
743,2021-04-05,48.55,48.64,48.488,48.635,265.25,372.05,637.3
744,2021-04-06,48.58,48.6,48.53,48.57,294.2,265.1,559.3
745,2021-04-07,48.53,48.625,48.52,48.585,213.3,368.5,581.8
746,2021-04-08,48.64,48.66,48.5,48.54,269.7,389.58,659.28
747,2021-04-09,48.56,48.585,48.53,48.56,200.0,173.0,373.0
748,2021-04-12,48.55,48.58,48.525,48.555,165.4,286.5,451.9
749,2021-04-13,48.52,48.53,48.46,48.499,303.35,361.0,664.35
750,2021-04-14,48.465,48.51,48.43,48.44,357.35,342.3,699.65
751,2021-04-15,48.45,48.45,48.35,48.38,601.81,348.3,950.11
752,2021-04-16,48.36,48.425,48.35,48.35,462.0,322.3,784.3
753,2021-04-19,48.33,48.34,48.27,48.32,468.6,216.0,684.6
754,2021-04-20,48.33,48.455,48.33,48.45,443.0,354.4,797.4
755,2021-04-21,48.43,48.43,48.83,48.41,335.3,260.2,595.5
756,2021-04-22,48.43,48.43,48.83,48.41,335.3,260.2,595.5
757,2021-04-23,48.39,48.4,48.36,48.381,307.5,358.97,666.47
758,2021-04-26,48.32,48.42,48.31,48.39,226.7,287.98,514.68
759,2021-04-27,48.37,48.435,48.37,48.381,320.5,323.0,643.5
760,2021-04-28,48.44,48.485,48.4,48.477,527.48,327.5,854.98
761,2021-04-29,48.45,48.45,48.29,48.315,435.7,401.8,837.5
762,2021-04-30,48.27,48.28,48.099,48.1,599.2,586.2,1185.4
763,2021-05-03,48.1,48.135,48.022,48.05,271.7,613.5,885.2
764,2021-05-04,48.05,48.07,48.02,48.038,237.7,493.0,730.7
765,2021-05-05,48.03,48.13,47.96,48.025,459.18,741.3,1200.48
766,2021-05-06,48.0,48.025,47.935,47.98,437.25,540.8,978.05
767,2021-05-07,47.92,47.945,47.855,47.855,525.17,460.2,985.37
768,2021-05-10,47.8,47.877,47.79,47.865,333.0,382.25,715.25
769,2021-05-11,47.9,47.92,47.81,47.81,498.0,339.0,837.0
770,2021-05-12,47.8,47.87,47.785,47.815,523.55,345.5,869.05
771,2021-05-14,47.83,47.87,47.775,47.81,319.1,315.2,634.3
772,2021-05-17,47.8,47.865,47.8,47.855,312.79,254.4,567.19
773,2021-05-18,47.88,47.9,47.805,47.805,451.8,473.4,925.2
774,2021-05-19,47.81,47.894,47.77,47.875,576.75,370.5,947.25
775,2021-05-20,478.855,47.98,47.845,47.94,583.3,396.5,979.8
776,2021-05-21,47.85,47.965,47.84,47.945,546.0,395.25,941.25
777,2021-05-24,47.94,48.085,47.94,48.065,534.93,402.71,937.64
778,2021-05-25,48.05,48.16,48.0,48.135,540.4,498.7,1039.1
779,2021-05-26,48.125,48.175,48.1,48.15,368.28,378.6,746.88
780,2021-05-27,48.18,48.19,47.977,47.985,435.5,653.09,1088.59
781,2021-05-28,47.97,47.98,47.777,47.8,609.05,447.0,1056.05
782,2021-05-31,47.75,47.76,47.69,47.695,591.0,287.5,878.5
783,2021-06-01,47.65,47.77,47.61,47.76,695.0,429.1,1124.1
784,2021-06-02,47.76,47.87,47.76,47.82,659.8,384.2,1044.0
785,2021-06-03,47.78,47.845,47.76,47.825,416.16,403.9,820.06
786,2021-06-04,47.83,47.83,47.73,47.75,380.9,337.2,718.1
787,2021-06-07,47.68,47.725,47.65,47.66,368.0,356.0,724.0
788,2021-06-08,47.65,47.73,47.645,47.72,394.1,256.6,650.7
789,2021-06-09,47.735,47.77,47.71,47.731,382.5,292.5,675.0
790,2021-06-10,47.72,47.777,47.68,47.765,298.2,382.0,680.2
791,2021-06-11,47.73,47.74,47.68,47.7,392.19,292.6,684.79
792,2021-06-14,47.75,47.905,47.74,47.89,596.7,405.2,1001.9
793,2021-06-15,47.9,48.077,47.89,48.03,553.0,605.8,1158.8
794,2021-06-16,48.08,48.19,48.05,48.09,689.9,461.5,1151.4
795,2021-06-17,48.3,48.455,48.28,48.38,961.65,827.0,1788.65
796,2021-06-18,48.42,48.44,48.325,48.43,501.3,570.54,1071.84
797,2021-06-21,48.48,48.725,48.48,48.695,873.6,464.9,1338.5
798,2021-06-22,48.68,48.76,48.66,48.7,650.2,417.7,1067.9
799,2021-06-23,48.695,48.85,48.68,48.805,720.0,383.42,1103.42
800,2021-06-24,48.755,48.92,48.735,48.735,632.86,372.2,1005.06
801,2021-06-25,48.65,48.66,48.45,48.481,494.7,490.5,985.2
802,2021-06-28,48.5,48.685,48.5,48.645,543.4,455.9,999.3
803,2021-06-29,48.64,48.67,48.46,48.5,528.95,234.13,763.08
804,2021-06-30,48.6,48.83,48.6,48.8,609.0,496.55,1105.55
805,2021-07-01,48.9,49.13,48.9,49.11,865.4,483.49,1348.89
806,2021-07-02,49.28,49.31,49.08,49.2,607.5,348.5,956.0
807,2021-07-05,49.1,49.325,49.1,49.24,590.89,483.0,1073.89
808,2021-07-06,49.23,49.5,49.23,49.5,724.7,343.58,1068.28
809,2021-07-07,49.7,49.91,49.7,49.79,514.7,423.2,937.9
810,2021-07-08,49.85,49.97,49.79,49.875,628.0,499.3,1127.3
811,2021-07-09,50.1,50.17,50.0,50.08,535.1,324.6,859.7
812,2021-07-12,50.05,50.16,50.03,50.12,375.7,288.5,664.2
813,2021-07-13,50.3,50.3,49.95,50.0,360.5,441.0,801.5
814,2021-07-14,50.05,50.33,50.05,50.3,553.61,620.0,1173.61
815,2021-07-15,50.23,50.42,50.09,50.22,654.66,755.0,1409.66
816,2021-07-16,50.2,50.25,50.15,50.235,536.5,305.1,841.6
817,2021-07-19,50.42,50.5,50.3,50.34,358.59,452.4,810.99
818,2021-07-21,50.35,50.41,50.17,50.35,621.62,386.0,1007.62
819,2021-07-22,50.25,50.32,50.11,50.135,431.55,517.4,948.95
820,2021-07-23,50.1,50.35,50.075,50.34,440.1,364.5,804.6
821,2021-07-26,50.33,50.4,50.265,50.35,549.5,394.87,944.37
822,2021-07-27,50.27,50.425,50.265,50.42,343.4,498.73,842.13
823,2021-07-28,50.4,50.43,50.35,50.37,403.5,283.0,686.5
824,2021-07-29,50.31,50.39,50.27,50.305,644.8,349.0,993.8
825,2021-07-30,50.285,50.34,49.97,49.97,773.3,591.26,1364.56
826,2021-08-02,49.95,50.05,49.9,49.9,349.0,427.52,776.52
827,2021-08-03,49.9,49.98,49.61,49.61,522.9,576.0,1098.9
828,2021-08-04,49.85,49.85,49.59,49.75,420.8,620.65,1041.45
829,2021-08-05,49.83,50.37,49.76,50.235,576.3,894.57,1470.87
830,2021-08-06,50.3,50.47,50.2,50.4,777.5,503.1,1280.6
831,2021-08-09,50.49,50.5,50.31,50.385,361.18,321.7,682.88
832,2021-08-10,50.39,50.45,50.34,50.395,581.6,317.0,898.6
833,2021-08-11,50.4,50.49,50.37,50.38,446.7,449.9,896.6
834,2021-08-12,50.35,50.46,50.34,50.39,337.3,386.0,723.3
835,2021-08-13,50.43,50.49,50.37,50.481,269.97,371.2,641.17
836,2021-08-16,50.45,50.66,50.43,50.645,283.5,684.0,967.5
837,2021-08-17,50.65,50.67,50.32,50.401,465.5,394.4,859.9
838,2021-08-18,50.37,50.43,50.25,50.43,534.6,261.5,796.1
839,2021-08-19,50.48,50.62,50.4,50.55,676.55,407.5,1084.05
840,2021-08-20,50.48,50.54,50.3,50.37,575.8,401.8,977.6
841,2021-08-23,50.3,50.33,50.15,50.27,428.55,289.1,717.65
842,2021-08-24,50.16,50.24,50.06,50.116,555.0,412.0,967.0
843,2021-08-25,50.08,50.17,49.85,49.85,496.4,563.8,1060.2
844,2021-08-26,49.8,50.08,49.74,49.98,643.1,522.95,1166.05
845,2021-08-27,50.06,50.16,49.925,49.955,534.1,388.5,922.6
846,2021-08-31,49.83,49.87,49.65,49.76,403.22,445.51,848.73
847,2021-09-01,49.73,50.07,49.73,50.07,658.7,396.0,1054.7
848,2021-09-02,50.04,50.13,49.825,49.825,656.95,489.7,1146.65
849,2021-09-03,49.72,49.91,49.64,49.84,445.6,478.6,924.2
850,2021-09-06,49.92,50.035,49.82,49.925,385.9,331.5,717.4
851,2021-09-07,49.95,50.04,49.87,50.025,451.95,336.5,788.45
852,2021-09-08,50.15,50.2,50.07,50.11,527.9,409.7,937.6
853,2021-09-09,50.2,50.2,49.9,49.92,678.7,485.7,1164.4
854,2021-09-10,49.94,49.96,49.83,49.865,432.49,341.7,774.19
855,2021-09-13,49.97,50.07,49.95,49.975,437.15,406.3,843.45
856,2021-09-14,49.9,50.0,49.855,49.91,388.15,290.3,678.45
857,2021-09-15,49.92,49.935,49.75,49.79,373.3,281.5,654.8
858,2021-09-16,49.72,50.02,49.7,49.97,758.04,515.5,1273.54
859,2021-09-17,50.04,50.05,49.86,49.95,557.15,314.6,871.75
860,2021-09-20,50.08,50.24,50.05,50.24,718.35,399.5,1117.85
861,2021-09-21,50.17,50.21,50.08,50.14,728.7,270.0,998.7
862,2021-09-22,50.18,50.3,50.08,50.27,802.75,437.1,1239.85
863,2021-09-23,50.33,50.45,50.27,50.34,628.8,450.3,1079.1
864,2021-09-24,50.32,50.67,50.24,50.65,622.7,562.47,1185.17
865,2021-09-27,50.72,51.0,50.72,51.0,685.2,576.0,1261.2
866,2021-09-28,50.95,51.0,50.85,51.0,535.0,674.95,1209.95
867,2021-09-29,50.95,51.0,50.82,50.865,482.6,623.93,1106.53
868,2021-09-30,50.85,51.0,50.79,51.0,638.95,465.5,1104.45
869,2021-10-01,50.96,50.97,50.78,50.79,310.26,571.9,882.16
870,2021-10-04,50.74,50.815,50.68,50.7,357.95,499.59,857.54
871,2021-10-05,50.82,50.82,50.625,50.65,635.1,384.0,1019.1
872,2021-10-06,50.64,50.9,50.61,50.88,464.0,499.0,963.0
873,2021-10-07,50.8,50.86,50.55,50.56,449.08,539.0,988.08
874,2021-10-08,50.5,50.61,50.37,50.58,750.7,408.8,1159.5
875,2021-10-11,50.55,50.8,50.55,50.8,378.55,406.0,784.55
876,2021-10-12,50.86,50.9,50.77,50.85,459.82,298.05,757.87
877,2021-10-13,50.82,50.83,50.6,50.655,446.0,659.4,1105.4
878,2021-10-14,50.59,50.67,50.525,50.605,459.55,477.1,936.65
879,2021-10-15,50.68,50.79,50.61,50.711,391.0,566.74,957.74
880,2021-10-18,50.73,50.89,50.72,50.84,503.7,325.79,829.49
881,2021-10-19,50.82,50.86,50.68,50.72,659.0,340.0,999.0
882,2021-10-20,50.78,50.85,50.75,50.79,516.47,265.2,781.67
883,2021-10-21,50.8,50.865,50.77,50.81,401.2,302.99,704.19
884,2021-10-22,50.8,50.895,50.735,50.786,550.8,517.7,1068.5
885,2021-10-25,50.73,50.825,50.68,50.68,528.0,395.4,923.4
886,2021-10-26,50.7,50.795,50.63,50.761,542.6,413.78,956.38
887,2021-10-27,50.725,50.825,50.71,50.72,369.64,455.2,824.84
888,2021-10-28,50.77,50.8,50.7,50.71,584.0,315.73,899.73
889,2021-10-29,50.63,50.67,50.35,50.415,478.6,504.78,983.38
890,2021-11-02,50.46,50.52,50.36,50.39,710.1,439.5,1149.6
891,2021-11-03,50.5,50.59,50.45,50.57,640.8,300.9,941.7
892,2021-11-04,50.55,50.62,50.53,50.595,333.85,448.4,782.25
893,2021-11-05,50.62,50.62,50.32,50.33,506.8,693.7,1200.5
894,2021-11-08,50.3,50.34,50.13,50.16,517.7,415.5,933.2
895,2021-11-09,50.12,50.18,49.925,50.091,831.1,554.75,1385.85
896,2021-11-10,50.15,50.15,50.005,50.069,672.9,343.8,1016.7
897,2021-11-11,50.18,50.24,50.13,50.165,710.7,430.2,1140.9
898,2021-11-12,50.08,50.105,49.85,49.85,447.4,619.7,1067.1
899,2021-11-15,49.81,50.19,49.77,50.19,676.7,480.0,1156.7
900,2021-11-16,50.15,50.35,50.15,50.3,681.9,709.87,1391.77
901,2021-11-17,50.38,50.47,50.34,50.39,574.2,559.2,1133.4
902,2021-11-18,50.33,50.375,50.23,50.23,591.5,682.7,1274.2
903,2021-11-19,50.27,50.43,50.21,50.41,615.0,572.91,1187.91
904,2021-11-22,50.53,50.8,50.53,50.65,851.9,550.7,1402.6
905,2021-11-23,50.7,50.765,50.58,50.59,613.25,627.2,1240.45
906,2021-11-24,50.57,50.62,50.34,50.34,405.9,503.5,909.4
907,2021-11-25,50.35,50.545,50.33,50.39,741.8,465.1,1206.9
908,2021-11-26,50.4,50.57,50.32,50.43,684.5,466.37,1150.87
909,2021-11-29,50.5,50.5,50.33,50.39,419.3,400.0,819.3
910,2021-12-01,50.36,50.46,50.32,50.34,525.8,506.9,1032.7
911,2021-12-02,50.38,50.44,50.32,50.4,495.24,385.0,880.25
912,2021-12-03,50.42,50.48,50.33,50.36,497.3,462.55,959.85
913,2021-12-06,50.43,50.44,50.32,50.41,346.7,344.14,690.84
914,2021-12-07,50.35,50.4,50.23,50.375,547.85,396.5,944.35
915,2021-12-09,50.32,50.38,50.18,50.26,443.8,391.75,835.55
916,2021-12-10,50.28,50.39,50.28,50.35,345.8,350.6,696.3
917,2021-12-13,50.28,50.37,50.28,50.32,271.3,386.8,658.1
918,2021-12-14,50.37,50.38,50.33,50.35,333.5,318.2,651.7
919,2021-12-15,50.32,50.36,50.27,50.27,257.6,393.2,650.8
920,2021-12-16,50.2,50.22,49.96,49.96,316.83,509.8,826.63
921,2021-12-17,49.95,50.04,49.89,50.02,403.1,497.55,900.65
922,2021-12-20,50.0,50.02,49.9,49.93,370.75,516.6,887.35
923,2021-12-21,49.88,49.965,49.875,49.95,486.5,429.5,916.0
924,2021-12-22,49.93,50.19,49.9,50.19,559.1,504.8,1063.9
925,2021-12-23,50.14,50.188,50.04,50.045,372.87,475.4,848.27
926,2021-12-24,50.05,50.09,49.95,50.04,661.05,272.0,933.05
927,2021-12-27,50.05,50.26,50.05,50.23,593.48,418.0,1011.48
928,2021-12-28,50.2,50.465,50.16,50.46,419.2,575.6,994.8
929,2021-12-29,50.55,51.0,50.55,51.0,729.4,613.4,1342.8
930,2021-12-31,50.995,51.0,50.92,50.999,370.55,215.8,586.35
931,2022-01-06,51.03,51.23,50.99,51.18,713.9,437.2,1151.1
932,2022-01-07,51.25,51.37,51.18,51.35,469.33,547.5,1016.83
933,2022-01-10,51.38,51.45,51.27,51.31,454.6,464.62,919.22
934,2022-01-11,51.25,51.275,51.07,51.14,492.1,729.0,1221.1
935,2022-01-12,51.0,51.26,50.94,51.19,738.8,375.93,1114.73
936,2022-01-13,51.08,51.225,50.99,51.04,461.2,456.05,917.25
937,2022-01-14,51.14,51.15,50.98,51.11,322.1,438.4,760.5
938,2022-01-17,51.25,51.34,51.225,51.255,461.8,359.1,820.9
939,2022-01-18,51.2,51.488,51.2,51.488,560.9,280.7,841.6
940,2022-01-19,51.47,51.5,51.41,51.5,319.0,435.2,754.2
941,2022-01-20,51.45,51.485,51.34,51.34,534.85,324.1,858.95
942,2022-01-21,51.42,51.47,51.33,51.37,517.7,475.5,993.2
943,2022-01-24,51.3,51.35,51.25,51.29,495.1,332.4,827.5
944,2022-01-25,51.35,51.4,51.2,51.26,497.5,543.5,1041.0
945,2022-01-26,51.25,51.305,51.18,51.29,445.6,342.2,787.8
946,2022-01-27,51.45,51.45,51.295,51.34,434.2,452.6,886.8
947,2022-01-28,51.34,51.35,51.21,51.23,508.0,616.6,1124.6
948,2022-01-31,51.2,51.23,50.95,50.95,557.5,423.29,980.79
949,2022-02-02,51.05,51.18,50.99,51.045,660.86,526.3,1187.16
950,2022-02-03,51.0,51.1,50.92,51.05,495.0,557.36,1052.36
951,2022-02-04,51.0,51.14,50.95,51.14,449.0,443.5,892.5
952,2022-02-07,51.25,51.38,51.22,51.37,500.0,459.3,959.3
953,2022-02-08,51.4,51.5,51.38,51.5,487.0,518.1,1005.1
954,2022-02-09,51.43,51.445,51.32,51.34,592.0,400.1,992.1
955,2022-02-10,51.3,51.32,51.21,51.235,452.0,485.4,937.4
956,2022-02-11,51.36,51.37,51.29,51.34,497.0,416.88,913.88
957,2022-02-14,51.38,51.405,51.32,51.37,329.5,297.5,627.0
958,2022-02-15,51.36,51.42,51.33,51.382,291.28,269.0,560.28
959,2022-02-16,51.319,51.34,51.27,51.285,352.0,244.1,596.1
960,2022-02-17,51.27,51.36,51.235,51.33,385.3,439.1,824.4
961,2022-02-18,51.34,51.36,51.28,51.35,263.2,283.0,546.2
962,2022-02-21,51.4,51.42,51.36,51.38,368.0,345.5,713.5
963,2022-02-22,51.4,51.48,51.4,51.45,390.5,391.9,782.4
964,2022-02-23,51.35,51.365,51.1,51.1,404.8,529.4,934.2
965,2022-02-24,51.18,51.44,51.17,51.34,539.2,620.9,1160.1
966,2022-02-28,51.39,51.42,51.265,51.27,467.0,313.5,780.5
967,2022-03-01,51.24,51.295,51.21,51.23,424.67,517.54,942.21
968,2022-03-02,51.35,51.455,51.32,51.42,612.0,420.66,1032.66
969,2022-03-03,51.43,51.5,51.42,51.5,382.25,407.13,789.38
970,2022-03-04,51.65,51.75,51.6,51.74,472.22,321.0,793.22
971,2022-03-07,51.9,52.19,51.85,52.18,908.0,672.4,1580.4
972,2022-03-08,52.25,52.34,52.01,52.32,698.25,636.5,1334.75
973,2022-03-09,52.28,52.31,52.15,52.23,510.92,624.7,1135.62
974,2022-03-10,52.12,52.24,52.05,52.155,560.8,647.6,1208.4
975,2022-03-11,52.25,52.34,52.21,52.29,584.7,515.1,1099.8
976,2022-03-14,52.32,52.49,52.32,52.475,461.05,345.5,806.55
977,2022-03-15,52.495,52.495,52.33,52.415,481.2,529.4,1010.6
978,2022-03-16,52.375,52.375,52.2,52.31,452.0,594.4,1046.4
979,2022-03-17,52.18,52.22,52.1,52.14,515.3,482.9,998.2
980,2022-03-18,52.2,52.43,52.2,52.335,785.25,659.8,1445.05
981,2022-03-21,52.31,52.4,52.31,52.35,345.3,254.5,599.8
982,2022-03-22,52.44,52.47,52.385,52.44,635.9,317.2,953.1
983,2022-03-23,52.42,52.42,52.33,52.39,606.05,409.0,1015.05
984,2022-03-24,52.41,52.43,52.15,52.33,352.25,608.7,960.95
985,2022-03-25,52.305,52.305,52.12,52.15,461.0,644.5,1105.5
986,2022-03-28,52.18,52.3,52.08,52.13,346.5,432.05,778.55
987,2022-03-29,52.07,52.13,51.99,52.075,542.0,505.4,1047.4
988,2022-03-30,52.02,52.04,51.92,52.01,607.5,512.0,1119.5
989,2022-03-31,51.98,51.995,51.74,51.74,487.5,559.5,1047.0
990,2022-04-01,51.79,51.81,51.55,51.67,737.15,593.1,1330.25
991,2022-04-04,51.6,51.6,51.31,51.38,451.8,756.3,1208.1
992,2022-04-05,51.32,51.355,51.14,51.19,693.6,609.95,1303.55
993,2022-04-06,51.25,51.445,51.25,51.43,783.2,480.1,1263.3
994,2022-04-07,51.37,51.43,51.33,51.42,419.0,466.5,885.5
995,2022-04-08,51.45,51.62,51.45,51.59,617.0,439.14,1056.14
996,2022-04-11,51.7,52.08,51.69,52.05,1072.4,562.7,1635.1
997,2022-04-12,52.15,52.29,52.06,52.1,733.0,683.8,1416.8
998,2022-04-13,52.1,52.1,51.88,52.03,462.5,732.75,1195.25
999,2022-04-18,52.15,52.29,52.15,52.27,602.24,540.08,1142.32
1000,2022-04-19,52.35,52.48,52.31,52.46,542.86,544.5,1087.36
1001,2022-04-20,52.44,52.49,52.42,52.49,516.7,379.1,895.8
1002,2022-04-21,52.4,52.45,52.35,52.365,593.6,751.0,1344.6
1003,2022-04-22,52.44,52.45,52.215,52.315,500.3,782.7,1283.0
1004,2022-04-25,52.38,52.48,52.38,52.41,302.0,424.0,726.0
1005,2022-04-26,52.35,52.37,52.13,52.25,812.7,685.5,1498.2
1006,2022-04-27,52.35,52.375,52.1,52.12,950.35,703.7,1654.05
1007,2022-04-28,52.15,52.36,51.96,52.27,709.71,887.3,1597.01
1008,2022-04-29,52.43,52.45,52.16,52.19,780.0,419.0,1199.0
1009,2022-05-02,52.25,52.4,52.22,52.365,445.7,395.0,840.7
1010,2022-05-04,52.43,52.505,52.39,52.5,725.5,614.1,1339.6
1011,2022-05-05,52.38,52.425,52.23,52.385,562.5,345.0,907.5
1012,2022-05-06,52.48,52.5,52.44,52.5,441.5,437.0,878.5
1013,2022-05-10,52.499,52.499,52.34,52.37,361.9,329.7,691.6
1014,2022-05-11,52.32,52.35,52.222,52.275,440.4,458.5,898.9
1015,2022-05-12,52.28,52.495,52.28,52.495,574.6,506.2,1080.8
1016,2022-05-13,52.43,52.48,52.39,52.45,471.0,507.4,978.4
1017,2022-05-16,52.4,52.499,52.38,52.493,234.44,315.4,549.84
1018,2022-05-17,52.45,52.48,52.41,52.425,372.3,470.8,843.1
1019,2022-05-18,52.35,52.465,52.35,52.45,368.4,437.5,805.9
1020,2022-05-19,52.41,52.47,52.3,52.45,382.8,736.2,1119.0
1021,2022-05-20,52.3,52.37,52.111,52.23,579.1,712.1,1291.2
1022,2022-05-23,52.22,52.37,52.15,52.27,691.5,506.7,1198.2
1023,2022-05-24,52.32,52.39,52.23,52.32,558.2,466.65,1024.85
1024,2022-05-25,52.34,52.38,52.3,52.355,370.1,434.1,804.2
1025,2022-05-26,52.35,52.49,52.28,52.4,617.91,368.1,986.01
1026,2022-05-27,52.333,52.35,52.235,52.32,446.0,608.32,1054.32
1027,2022-05-30,52.2,52.33,52.16,52.31,851.4,343.7,1195.1
1028,2022-05-31,52.4,52.435,52.37,52.37,492.32,433.3,925.62
1029,2022-06-01,52.43,52.49,52.42,52.48,374.7,349.52,724.22
1030,2022-06-02,52.47,52.8,52.455,52.8,490.0,609.5,1099.5
1031,2022-06-03,52.82,52.92,52.7,52.86,547.8,580.5,1128.3
1032,2022-06-06,52.92,52.97,52.84,52.86,611.0,468.5,1079.5
1033,2022-06-07,52.9,52.975,52.87,52.95,438.17,307.0,745.17
1034,2022-06-08,52.9,52.935,52.85,52.915,370.2,265.36,635.56
1035,2022-06-09,52.95,52.97,52.9,52.95,283.5,449.12,732.62
1036,2022-06-10,52.97,53.0,52.925,53.0,414.5,534.8,949.3
1037,2022-06-13,53.1,53.3,53.1,53.3,372.5,312.7,685.2
1038,2022-06-14,53.28,53.4,53.13,53.25,735.7,431.9,1167.6
1039,2022-06-15,53.3,53.47,53.3,53.435,640.15,524.6,1164.75
1040,2022-06-16,53.3,53.495,53.29,53.47,598.5,542.76,1141.26
1041,2022-06-17,53.47,53.76,53.43,53.75,297.5,665.0,962.5
1042,2022-06-20,53.8,54.105,53.8,54.065,567.0,448.7,1015.7
1043,2022-06-21,54.1,54.4,54.05,54.265,718.24,671.7,1389.94
1044,2022-06-22,54.3,54.635,54.3,54.47,867.17,481.5,1348.67
1045,2022-06-23,54.4,54.7,54.35,54.7,636.07,425.0,1061.07
1046,2022-06-24,54.65,54.999,54.6,54.985,825.96,575.5,1401.46
1047,2022-06-27,54.93,55.15,54.78,54.78,617.8,561.4,1179.2
1048,2022-06-28,54.83,54.88,54.64,54.77,949.0,704.24,1653.24
1049,2022-06-29,54.9,55.1,54.88,55.06,864.1,413.0,1277.1
1050,2022-06-30,55.06,55.14,54.8,54.975,507.7,740.5,1248.2
1051,2022-07-01,54.98,55.31,54.9,55.09,651.6,640.6,1292.2
1052,2022-07-04,55.12,55.21,54.97,55.08,512.56,463.7,976.26
1053,2022-07-05,55.0,55.25,54.98,55.23,710.0,575.5,1285.5
1054,2022-07-06,55.42,55.72,55.42,55.67,737.77,507.3,1245.07
1055,2022-07-07,55.9,56.09,55.78,56.06,628.5,485.6,1114.1
1056,2022-07-08,55.9,56.13,55.845,55.92,677.9,392.93,1070.83
1057,2022-07-11,55.85,56.035,55.85,55.979,396.0,408.6,804.6
1058,2022-07-12,56.13,56.45,56.13,56.37,681.5,706.9,1388.4
1059,2022-07-13,56.31,56.43,56.23,56.26,430.0,564.0,994.0
1060,2022-07-14,56.3,56.45,55.98,56.15,1123.0,532.1,1655.1
1061,2022-07-15,56.35,56.44,56.315,56.36,252.3,426.0,678.3
1062,2022-07-18,56.3,56.39,56.27,56.35,268.85,292.9,561.75
1063,2022-07-19,56.35,56.37,56.25,56.255,275.5,387.55,663.05
1064,2022-07-20,56.18,56.35,56.18,56.29,310.45,399.6,710.05
1065,2022-07-21,56.34,56.43,56.26,56.35,235.05,412.4,647.45
1066,2022-07-22,56.35,56.39,56.27,56.28,419.5,369.5,789.0
1067,2022-07-25,56.2,56.25,56.1,56.1,242.7,479.5,722.2
1068,2022-07-26,55.85,55.88,55.29,55.3,882.0,550.0,1432.0
1069,2022-07-27,55.4,55.82,55.37,55.68,461.9,545.6,1007.5
1070,2022-07-28,55.58,55.97,55.55,55.82,459.23,812.06,1271.29
1071,2022-07-29,55.75,55.75,55.05,55.13,970.74,605.5,1576.24
1072,2022-08-01,55.35,55.45,55.31,55.31,553.4,500.5,1053.9
1073,2022-08-02,55.3,55.45,55.3,55.435,434.67,342.5,777.17
1074,2022-08-03,55.55,55.777,55.55,55.74,418.1,504.0,922.1
1075,2022-08-04,55.68,55.775,55.58,55.6,555.6,431.0,986.6
1076,2022-08-05,55.48,55.5,55.15,55.2,735.8,486.4,1222.2
1077,2022-08-08,55.5,55.72,55.45,55.55,421.1,465.87,886.97
1078,2022-08-09,55.45,55.66,55.4,55.595,788.4,574.5,1362.9
1079,2022-08-10,55.67,55.85,55.65,55.665,531.6,340.0,871.6
1080,2022-08-11,55.45,55.58,55.3,55.3,412.8,576.7,989.5
1081,2022-08-12,55.48,55.67,55.42,55.61,444.7,572.28,1016.98
1082,2022-08-15,55.72,55.9,55.72,55.825,568.1,328.5,896.6
1083,2022-08-16,55.95,56.1,55.82,55.83,545.85,473.5,1019.35
1084,2022-08-17,55.83,55.91,55.7,55.86,405.05,513.6,918.65
1085,2022-08-18,55.85,55.975,55.755,55.888,385.5,553.8,939.3
1086,2022-08-19,55.98,56.07,55.89,55.93,484.87,404.8,889.67
1087,2022-08-22,56.1,56.22,56.03,56.21,416.75,388.2,804.95
1088,2022-08-23,56.25,56.26,56.05,56.07,429.15,434.9,864.05
1089,2022-08-25,55.95,56.09,55.9,56.06,568.0,490.0,1058.0
1090,2022-08-26,56.03,56.085,55.995,56.02,444.5,360.0,804.5
1091,2022-08-30,56.15,56.32,56.1,56.225,654.5,429.2,1083.7
1092,2022-08-31,56.2,56.21,56.11,56.145,331.03,479.68,810.71
1093,2022-09-01,56.25,56.45,56.25,56.42,689.9,397.5,1087.4
1094,2022-09-02,56.5,56.9,56.5,56.77,620.0,316.95,936.95
1095,2022-09-05,56.85,57.0,56.8,56.999,576.0,400.45,976.45
1096,2022-09-06,56.88,57.0,56.86,57.0,329.69,482.5,812.19
1097,2022-09-07,57.0,57.33,57.0,57.135,732.7,500.0,1232.7
1098,2022-09-08,57.07,57.22,57.06,57.18,580.0,571.0,1151.0
1099,2022-09-09,57.05,57.07,56.78,56.82,756.33,395.2,1151.53
1100,2022-09-12,56.85,57.07,56.84,56.86,463.0,434.2,897.2
1101,2022-09-13,56.8,56.95,56.73,56.77,490.65,443.8,934.45
1102,2022-09-14,57.1,57.27,57.0,57.11,536.35,453.55,989.9
1103,2022-09-15,57.1,57.175,56.975,57.16,501.5,408.3,909.8
1104,2022-09-16,57.35,57.44,57.32,57.43,450.16,450.5,900.66
1105,2022-09-19,57.34,57.43,57.325,57.4,168.3,340.1,508.4
1106,2022-09-20,57.4,57.5,57.355,57.48,409.8,557.2,967.0
1107,2022-09-21,57.7,58.0,57.7,58.0,563.9,487.25,1051.15
1108,2022-09-22,58.1,58.5,58.0,58.49,709.0,805.81,1514.81
1109,2022-09-23,58.35,58.5,58.25,58.5,459.0,526.0,985.0
1110,2022-09-27,58.8,58.999,58.7,58.99,745.7,316.5,1062.2
1111,2022-09-28,58.95,59.0,58.88,58.98,883.0,310.0,1193.0
1112,2022-09-29,58.87,59.0,58.75,58.97,524.36,378.5,902.86
1113,2022-09-30,58.6,58.79,58.53,58.625,565.2,493.15,1058.35
1114,2022-10-03,58.75,59.0,58.72,59.0,346.9,319.8,666.7
1115,2022-10-04,58.88,58.98,58.64,58.65,287.35,491.75,779.1
1116,2022-10-05,58.6,58.78,58.39,58.65,321.0,540.15,861.15
1117,2022-10-06,58.7,58.73,58.54,58.653,447.2,308.85,756.05
1118,2022-10-07,58.85,58.93,58.825,58.92,265.25,218.1,483.35
1119,2022-10-10,58.98,59.0,58.95,59.0,195.5,204.5,400.0
1120,2022-10-11,58.97,59.0,58.83,58.865,279.45,362.9,642.35
1121,2022-10-12,58.95,58.999,58.888,58.965,267.5,237.87,505.37
1122,2022-10-13,58.9,59.0,58.85,59.0,257.58,266.5,524.08
1123,2022-10-14,58.97,58.985,58.88,58.935,268.8,274.0,542.8
1124,2022-10-17,58.97,59.0,58.92,59.0,181.0,343.9,524.9
1125,2022-10-18,58.9,58.995,58.75,58.75,220.0,390.8,610.8
1126,2022-10-19,58.85,58.99,58.8,58.945,340.5,313.5,654.0
1127,2022-10-20,58.92,59.0,58.92,58.94,458.45,249.0,707.45
1128,2022-10-21,58.92,58.97,58.68,58.75,239.5,658.0,897.5
1129,2022-10-24,58.7,58.91,58.7,58.87,273.6,359.4,633.0
1130,2022-10-25,58.87,58.87,58.78,58.78,338.5,222.5,561.0
1131,2022-10-26,58.65,58.72,58.43,58.43,378.1,467.4,845.5
1132,2022-10-27,58.25,58.455,58.09,58.22,490.52,586.65,1077.17
1133,2022-10-28,58.3,58.35,57.82,57.97,375.25,537.1,912.35
1134,2022-11-02,58.05,58.49,58.02,58.47,477.5,366.65,844.15
1135,2022-11-03,58.4,58.87,58.3,58.8,487.7,360.0,847.7
1136,2022-11-04,58.8,58.89,58.34,58.55,382.4,727.3,1109.7
1137,2022-11-07,58.5,58.59,58.45,58.58,334.3,239.9,574.2
1138,2022-11-08,58.38,58.45,58.1,58.275,561.9,393.0,954.9
1139,2022-11-09,58.17,58.22,57.9,57.99,613.7,494.1,1107.8
1140,2022-11-10,58.08,58.25,58.0,58.19,476.0,316.0,792.0
1141,2022-11-11,57.4,57.59,57.14,57.23,403.65,416.5,820.15
1142,2022-11-14,57.3,57.39,57.22,57.28,388.53,332.1,720.63
1143,2022-11-15,57.3,57.47,57.2,57.21,434.0,332.9,766.9
1144,2022-11-16,57.38,57.58,57.34,57.35,582.94,441.0,1023.94
1145,2022-11-17,57.45,57.53,57.35,57.36,310.5,351.38,661.88
1146,2022-11-18,57.44,57.45,57.23,57.26,332.78,317.4,650.18
1147,2022-11-21,57.2,57.37,57.2,57.36,291.6,236.22,527.82
1148,2022-11-22,57.45,57.48,57.32,57.375,380.5,303.9,684.4
1149,2022-11-23,57.25,57.33,56.94,56.94,381.35,306.5,687.85
1150,2022-11-24,56.88,56.88,56.68,56.78,486.5,382.0,868.5
1151,2022-11-25,56.73,56.84,56.65,56.67,344.6,504.4,849.0
1152,2022-11-28,56.8,56.9,56.64,56.64,498.5,308.4,806.9
1153,2022-11-29,56.7,56.72,56.5,56.56,625.19,405.0,1030.19
1154,2022-12-01,56.45,56.45,56.1,56.22,496.8,401.9,898.7
1155,2022-12-02,56.2,56.2,55.71,55.74,603.21,681.15,1284.36
1156,2022-12-05,55.74,56.05,55.72,56.02,706.8,446.5,1153.3
1157,2022-12-06,56.06,56.11,55.95,55.975,488.06,288.5,776.56
1158,2022-12-07,55.85,55.85,55.45,55.45,707.0,451.5,1158.5
1159,2022-12-09,55.27,55.39,55.17,55.37,415.1,528.9,944.0
1160,2022-12-12,55.4,55.67,55.4,55.65,290.35,393.6,683.95
1161,2022-12-13,55.64,55.92,55.6,55.9,670.7,453.0,1123.7
1162,2022-12-14,55.65,55.82,55.6,55.745,424.8,306.92,731.72
1163,2022-12-15,55.73,55.84,55.61,55.685,628.75,426.5,1055.25
1164,2022-12-16,55.85,55.88,55.56,55.56,433.97,468.3,902.27
1165,2022-12-19,55.5,55.5,55.4,55.41,281.9,345.35,627.25
1166,2022-12-20,55.4,55.45,55.23,55.24,443.2,497.35,940.55
1167,2022-12-21,55.1,55.29,55.04,55.1,438.2,395.5,833.7
1168,2022-12-22,55.045,55.18,55.045,55.09,557.9,216.3,774.2
1169,2022-12-23,55.25,55.35,55.15,55.15,532.44,487.6,1020.04
1170,2022-12-27,55.15,55.93,55.15,55.9,520.87,292.4,813.27
1171,2022-12-28,55.9,56.3,55.89,56.2,566.25,316.6,882.85
1172,2022-12-29,56.17,56.18,55.67,55.755,431.7,376.1,807.8
1173,2023-01-03,55.7,55.91,55.6,55.79,534.4,319.25,853.65
1174,2023-01-04,55.95,56.145,55.895,55.91,720.6,552.5,1273.1
1175,2023-01-05,55.92,56.025,55.75,55.75,566.4,494.7,1061.1
1176,2023-01-06,55.85,55.89,55.57,55.64,722.8,329.57,1052.37
1177,2023-01-09,55.3,55.32,55.09,55.11,825.9,393.65,1219.55
1178,2023-01-10,54.95,54.95,54.8,54.87,562.95,505.0,1067.95
1179,2023-01-11,54.8,55.04,54.75,54.8,655.2,350.0,1005.2
1180,2023-01-12,54.95,55.42,54.95,55.29,919.5,538.7,1458.2
1181,2023-01-13,54.95,55.18,54.88,54.89,744.8,624.0,1368.8
1182,2023-01-16,54.9,54.9,54.475,54.575,640.5,632.0,1272.5
1183,2023-01-17,54.6,54.93,54.55,54.82,900.3,473.0,1373.3
1184,2023-01-18,54.8,55.01,54.57,54.62,816.1,610.5,1426.6
1185,2023-01-19,54.7,54.78,54.53,54.63,547.1,702.5,1249.6
1186,2023-01-20,54.75,54.83,54.44,54.54,471.5,574.3,1045.8
1187,2023-01-23,54.4,54.6,54.3,54.54,733.2,507.3,1240.5
1188,2023-01-24,54.6,54.64,54.39,54.435,528.5,523.66,1052.16
1189,2023-01-25,54.75,54.79,54.53,54.63,469.7,550.0,1019.7
1190,2023-01-26,54.5,54.58,54.39,54.4,305.0,425.0,730.0
1191,2023-01-27,54.4,54.54,54.21,54.47,406.9,539.75,946.65
1192,2023-01-30,54.55,54.6,54.45,54.545,327.75,360.12,687.87
1193,2023-01-31,54.65,54.7,54.47,54.64,362.26,622.05,984.31
1194,2023-02-01,54.655,54.67,54.475,54.475,557.4,401.5,958.9
1195,2023-02-02,54.2,54.2,53.835,53.845,1012.1,608.5,1620.6
1196,2023-02-03,53.93,53.93,53.63,53.68,520.22,645.05,1165.27
1197,2023-02-06,54.15,54.47,54.12,54.39,472.5,580.65,1053.15
1198,2023-02-07,54.65,55.1,54.6,55.085,574.1,700.0,1274.1
1199,2023-02-08,55.0,55.02,54.79,54.8,629.55,517.5,1147.05
1200,2023-02-09,54.86,54.955,54.44,54.45,677.2,698.2,1375.4
1201,2023-02-10,54.65,54.7,54.4,54.42,820.6,427.2,1247.8
1202,2023-02-13,54.5,54.87,54.5,54.76,561.35,394.5,955.85
1203,2023-02-14,54.67,54.96,54.64,54.83,341.77,506.5,848.27
1204,2023-02-15,54.95,55.23,54.95,55.17,649.9,422.0,1071.9
1205,2023-02-16,55.35,55.39,55.02,55.12,502.15,640.7,1142.85
1206,2023-02-17,55.25,55.335,55.15,55.24,481.1,397.2,878.3
1207,2023-02-20,55.31,55.32,54.95,54.95,437.4,280.0,717.4
1208,2023-02-21,54.94,55.1,54.91,55.085,532.65,502.0,1034.65
1209,2023-02-22,55.07,55.24,55.05,55.18,605.8,400.65,1006.45
1210,2023-02-23,55.12,55.15,54.87,54.87,615.4,494.0,1109.4
1211,2023-02-27,55.25,55.64,55.0,55.51,891.3,441.3,1332.6
1212,2023-02-28,55.35,55.36,55.1,55.33,557.25,647.0,1204.25
1213,2023-03-01,55.3,55.3,54.97,54.98,556.0,473.88,1029.88
1214,2023-03-02,54.86,55.16,54.825,55.01,691.5,584.7,1276.2
1215,2023-03-03,54.95,54.98,54.745,54.82,776.3,510.5,1286.8
1216,2023-03-06,54.8,54.915,54.76,54.88,522.75,287.35,810.1
1217,2023-03-07,55.03,55.15,54.99,55.0,531.8,365.0,896.8
1218,2023-03-08,55.3,55.48,55.24,55.32,684.25,337.3,1021.55
1219,2023-03-09,55.25,55.29,55.14,55.24,402.5,523.8,926.3
1220,2023-03-10,55.17,55.28,55.13,55.17,469.8,310.0,779.8
1221,2023-03-13,55.05,55.08,54.79,54.93,650.6,424.0,1074.6
1222,2023-03-14,55.05,55.14,54.88,55.08,466.7,660.7,1127.4
1223,2023-03-15,54.9,54.977,54.75,54.95,472.45,427.25,899.7
1224,2023-03-16,55.01,55.09,54.85,54.86,439.5,359.5,799.0
1225,2023-03-17,54.75,54.75,54.61,54.71,462.5,417.5,880.0
1226,2023-03-20,54.65,54.7,54.58,54.675,458.7,402.35,861.05
1227,2023-03-21,54.3,54.48,54.26,54.44,647.65,429.0,1076.65
1228,2023-03-22,54.3,54.75,54.28,54.5,756.5,643.5,1400.0
1229,2023-03-23,54.38,54.595,54.27,54.27,585.5,550.0,1135.5
1230,2023-03-24,54.36,54.42,54.22,54.35,430.65,605.5,1036.15
1231,2023-03-27,54.33,54.55,54.26,54.29,707.6,374.6,1082.2
1232,2023-03-28,54.25,54.5,54.25,54.45,1021.82,617.5,1639.32
1233,2023-03-29,54.45,54.52,54.35,54.45,548.0,564.1,1112.1
1234,2023-03-30,54.39,54.495,54.39,54.415,567.05,442.5,1009.55
1235,2023-03-31,54.35,54.385,54.28,54.36,398.1,544.5,942.6
1236,2023-04-03,54.4,54.77,54.4,54.73,548.45,653.0,1201.45
1237,2023-04-04,54.6,54.65,54.46,54.495,392.2,497.5,889.7
1238,2023-04-05,54.45,54.54,54.31,54.4,588.5,650.0,1238.5
1239,2023-04-11,54.6,54.955,54.58,54.93,549.2,593.9,1143.1
1240,2023-04-12,55.05,55.24,55.0,55.22,473.08,462.9,935.98
1241,2023-04-13,55.15,55.4,55.13,55.26,756.0,442.2,1198.2
1242,2023-04-14,55.22,55.27,55.06,55.21,799.9,590.0,1389.9
1243,2023-04-17,55.35,55.87,55.35,55.85,735.0,639.6,1374.6
1244,2023-04-18,56.0,56.23,55.98,56.14,726.5,691.0,1417.5
1245,2023-04-19,56.15,56.23,55.95,56.21,600.0,635.8,1235.8
1246,2023-04-20,56.31,56.4,56.0,56.02,408.89,671.1,1079.99
1247,2023-04-24,55.95,56.01,55.75,55.77,554.96,654.55,1209.51
1248,2023-04-25,55.65,55.65,55.43,55.54,653.595,616.65,1270.0
1249,2023-04-26,55.57,55.71,55.54,55.62,543.65,690.0,1233.65
1250,2023-04-27,55.68,55.81,55.68,55.72,531.6,654.63,1186.23
1251,2023-04-28,55.62,55.62,55.32,55.38,599.7,640.5,1240.2
1252,2023-05-02,55.48,55.5,55.26,55.34,395.95,660.9,1056.85
1253,2023-05-03,55.34,55.41,55.25,55.335,506.2,547.3,1053.5
1254,2023-05-04,55.2,55.38,55.13,55.35,811.35,557.0,1368.35
1255,2023-05-05,55.38,55.42,55.16,55.3,541.95,747.5,1289.45
1256,2023-05-08,55.4,55.4,55.22,55.25,497.9,491.25,989.15
1257,2023-05-09,55.45,55.78,55.4,55.76,1024.1,634.5,1658.6
1258,2023-05-10,55.72,55.88,55.67,55.67,813.39,600.75,1414.14
1259,2023-05-11,55.58,55.78,55.54,55.75,754.5,538.2,1292.7
1260,2023-05-12,55.86,56.02,55.65,55.79,902.0,586.0,1488.0
1261,2023-05-15,55.95,56.09,55.9,56.07,616.8,663.0,1279.8
1262,2023-05-16,55.97,56.222,55.97,56.03,828.7,466.45,1295.15
1263,2023-05-17,56.15,56.29,56.05,56.2,714.45,927.0,1641.45
1264,2023-05-18,56.05,56.05,55.86,55.87,703.0,525.15,1228.15
1265,2023-05-19,55.75,55.76,55.62,55.67,653.1,326.5,979.6
1266,2023-05-22,55.67,55.84,55.65,55.82,500.0,481.5,981.5
1267,2023-05-23,55.7,55.75,55.57,55.725,627.1,563.0,1190.1
1268,2023-05-24,55.77,55.82,55.725,55.77,478.8,411.5,890.3
1269,2023-05-25,55.79,56.11,55.74,56.065,975.0,662.3,1637.3
1270,2023-05-26,56.03,56.05,55.67,55.79,420.5,565.7,986.2
1271,2023-05-29,55.85,56.15,55.85,56.12,630.5,482.7,1113.2
1272,2023-05-30,56.07,56.44,56.05,56.31,642.6,751.5,1394.1
1273,2023-05-31,56.3,56.34,56.1,56.15,527.3,538.0,1065.3
1274,2023-06-01,56.23,56.31,56.155,56.26,508.35,482.0,990.35
1275,2023-06-02,56.1,56.1,55.89,55.89,521.5,377.0,898.5
1276,2023-06-05,56.01,56.245,56.0,56.24,622.95,454.7,1077.65
1277,2023-06-06,56.19,56.27,56.15,56.22,493.95,423.5,917.45
1278,2023-06-07,56.1,56.185,55.99,56.098,604.0,237.55,841.55
1279,2023-06-08,56.12,56.21,56.08,56.11,516.5,440.5,957.0
1280,2023-06-09,55.999,56.06,55.9,56.05,468.8,510.4,979.2
1281,2023-06-13,56.09,56.13,55.93,55.95,436.65,398.1,834.75
1282,2023-06-14,55.88,56.015,55.88,55.94,575.3,306.6,881.9
1283,2023-06-15,56.0,56.1,55.945,55.945,375.1,354.4,729.5
1284,2023-06-16,55.82,55.888,55.73,55.86,521.15,448.0,969.15
1285,2023-06-19,55.845,55.97,55.7,55.74,527.5,582.2,1109.7
1286,2023-06-20,55.75,55.84,55.52,55.52,602.25,612.0,1214.25
1287,2023-06-21,55.62,55.68,55.57,55.645,578.35,431.5,1009.85
1288,2023-06-22,55.57,55.66,55.53,55.62,364.4,403.0,767.4
1289,2023-06-23,55.6,55.775,55.55,55.77,475.0,588.1,1063.1
1290,2023-06-26,55.77,55.81,55.68,55.7,278.7,367.8,646.5
1291,2023-06-27,55.67,55.7,55.3,55.32,487.5,541.3,1028.8
1292,2023-06-29,55.32,55.45,55.25,55.3,497.6,407.5,905.1
1293,2023-06-30,55.45,55.52,55.17,55.2,527.3,523.5,1050.8
1294,2023-07-03,55.25,55.35,55.04,55.32,764.05,498.0,1262.05
1295,2023-07-04,55.2,55.3,55.2,55.23,465.5,336.32,801.82
1296,2023-07-05,55.3,55.46,55.28,55.385,749.83,414.0,1163.83
1297,2023-07-06,55.51,55.64,55.43,55.5,569.4,488.0,1057.4
1298,2023-07-07,55.65,55.67,55.52,55.62,614.5,394.8,1009.3
1299,2023-07-10,55.55,55.72,55.53,55.69,335.85,412.8,748.65
1300,2023-07-11,55.58,55.63,55.23,55.25,694.25,568.6,1262.85
1301,2023-07-12,55.18,55.18,54.93,54.93,567.1,795.5,1362.6
1302,2023-07-13,54.6,54.67,54.46,54.51,689.8,718.0,1407.8
1303,2023-07-14,54.45,54.55,54.31,54.4,699.0,448.55,1147.55
1304,2023-07-17,54.44,54.51,54.3,54.38,473.2,504.2,977.4
1305,2023-07-18,54.41,54.465,54.36,54.41,440.4,313.0,753.4
1306,2023-07-19,54.45,54.65,54.45,54.515,605.4,443.5,1048.9
1307,2023-07-20,54.55,54.56,54.37,54.52,643.9,499.5,1143.4
1308,2023-07-21,54.68,54.76,54.56,54.755,570.75,603.1,1173.85
1309,2023-07-25,54.6,54.63,54.49,54.55,588.82,514.2,1103.02
1310,2023-07-26,54.6,54.69,54.56,54.62,433.6,553.5,987.1
1311,2023-07-27,54.55,54.595,54.47,54.56,433.1,481.0,914.1
1312,2023-07-28,54.75,54.92,54.75,54.91,690.0,409.9,1099.9
1313,2023-07-31,54.888,54.91,54.75,54.88,521.5,510.1,1031.6
1314,2023-08-01,54.85,54.85,54.68,54.77,562.6,409.9,972.5
1315,2023-08-02,54.84,55.2,54.84,55.19,662.8,444.0,1106.8
1316,2023-08-03,55.3,55.565,55.27,55.52,746.1,534.1,1280.2
1317,2023-08-04,55.6,55.777,55.55,55.74,683.3,455.6,1138.9
1318,2023-08-07,55.65,56.06,55.6,56.02,523.25,450.5,973.75
1319,2023-08-08,56.18,56.38,56.14,56.24,661.45,487.5,1148.95
1320,2023-08-09,56.4,56.44,56.2,56.2,470.2,526.0,996.2
1321,2023-08-10,56.25,56.45,56.13,56.22,537.59,706.0,1243.59
1322,2023-08-11,56.23,56.34,56.1,56.315,703.4,728.5,1431.9
1323,2023-08-14,56.45,56.99,56.45,56.78,841.0,469.0,1410.0
1324,2023-08-15,56.65,56.865,56.6,56.84,670.4,417.85,1088.25
1325,2023-08-16,56.8,56.91,56.515,56.515,431.5,589.75,1021.25
1326,2023-08-17,56.67,56.81,56.57,56.77,429.8,530.75,960.55
1327,2023-08-18,56.65,56.65,56.14,56.18,777.02,680.5,1457.52
1328,2023-08-22,56.3,56.4,56.085,56.38,766.05,674.7,1440.75
1329,2023-08-23,56.32,56.75,56.3,56.73,834.85,721.0,1555.85
1330,2023-08-24,56.58,56.83,56.57,56.76,552.07,581.09,1133.16
1331,2023-08-25,56.8,56.84,56.48,56.57,548.7,772.9,1321.6
1332,2023-08-29,56.7,56.81,56.55,56.75,590.9,692.0,1282.9
1333,2023-08-30,56.68,56.79,56.6,56.725,595.2,634.86,1230.06
1334,2023-08-31,56.7,56.74,56.57,56.595,664.0,817.8,1481.8
1335,2023-09-04,56.65,56.66,56.49,56.62,971.85,615.2,1587.05
1336,2023-09-05,56.7,56.9,56.68,56.8,725.3,797.5,1522.8
1337,2023-09-06,56.9,56.99,56.8,56.94,777.0,578.6,1355.6
1338,2023-09-07,56.85,56.97,56.77,56.79,799.0,646.2,1445.2
1339,2023-09-08,56.74,56.785,56.56,56.63,866.0,752.2,1618.2
1340,2023-09-11,56.63,56.695,56.53,56.69,594.0,592.6,1186.6
1341,2023-09-12,56.72,56.79,56.63,56.65,571.18,540.0,1111.18
1342,2023-09-13,56.68,56.73,56.6,56.72,568.15,456.55,1024.7
1343,2023-09-14,56.665,56.78,56.65,56.765,787.85,385.8,1173.65
1344,2023-09-15,56.78,56.9,56.78,56.815,587.4,472.01,1059.41
1345,2023-09-18,56.8,56.875,56.74,56.866,374.5,446.6,821.1
1346,2023-09-19,56.71,56.83,56.7,56.755,664.0,509.0,1173.0
1347,2023-09-20,56.7,56.824,56.7,56.81,513.0,322.5,835.5
1348,2023-09-21,56.9,56.95,56.82,56.855,385.8,429.48,815.28
1349,2023-09-22,56.85,56.9,56.765,56.795,525.12,469.19,994.31
1350,2023-09-25,56.795,56.81,56.735,56.785,356.5,548.4,904.9
1351,2023-09-26,56.85,56.98,56.85,56.955,599.2,458.0,1057.2
1352,2023-09-27,56.9,56.98,56.87,56.95,996.9,349.0,1345.9
1353,2023-09-28,56.888,56.98,56.888,56.98,498.1,482.5,980.6
1354,2023-09-29,56.75,56.75,56.52,56.575,555.5,638.5,1194.0
1355,2023-10-02,56.7,56.8,56.67,56.775,675.32,477.5,1152.82
1356,2023-10-03,56.825,56.93,56.78,56.78,535.2,397.0,932.2
1357,2023-10-04,56.82,56.85,56.67,56.71,855.5,674.0,1529.5
1358,2023-10-05,56.6,56.695,56.59,56.67,630.65,600.2,1230.85
1359,2023-10-06,56.64,56.66,56.56,56.62,631.2,451.6,1082.8
1360,2023-10-09,56.75,56.98,56.75,56.95,661.0,586.5,1247.5
1361,2023-10-10,56.9,56.92,56.82,56.82,598.1,450.7,1048.8
1362,2023-10-11,56.75,56.777,56.705,56.755,734.0,459.5,1193.5
1363,2023-10-12,56.7,56.8,56.66,56.66,744.5,505.5,1250.0
1364,2023-10-13,56.77,56.86,56.77,56.811,568.12,354.0,922.12
1365,2023-10-16,56.82,56.88,56.78,56.78,342.0,517.5,859.5
1366,2023-10-17,56.7,56.78,56.67,56.746,694.5,414.09,1108.59
1367,2023-10-18,56.72,56.775,56.68,56.7,489.0,388.55,877.55
1368,2023-10-19,56.87,56.9,56.83,56.87,557.3,433.0,990.3
1369,2023-10-20,56.75,56.84,56.75,56.84,536.57,375.7,912.27
1370,2023-10-23,56.75,56.87,56.72,56.84,578.5,372.0,950.5
1371,2023-10-24,56.78,56.79,56.705,56.76,548.4,509.5,1057.9
1372,2023-10-25,56.75,56.875,56.75,56.85,516.0,393.7,909.7
1373,2023-10-26,56.93,56.975,56.9,56.96,569.0,511.0,1080.0
1374,2023-10-27,56.95,56.98,56.85,56.955,830.3,822.1,1652.4
1375,2023-10-31,56.8,56.855,56.725,56.73,413.85,447.05,860.9
1376,2023-11-03,56.6,56.6,55.93,56.1,1125.5,712.5,1838.0
1377,2023-11-06,55.8,55.93,55.73,55.91,723.3,427.1,1150.4
1378,2023-11-07,56.0,56.29,56.0,56.115,640.2,977.3,1617.5
1379,2023-11-08,56.09,56.1,55.95,56.045,594.9,641.15,1236.05
1380,2023-11-09,55.92,55.98,55.84,55.89,652.15,679.6,1331.75
1381,2023-11-10,56.03,56.03,55.92,55.96,459.6,492.1,951.7
1382,2023-11-13,55.94,56.13,55.94,56.06,734.8,449.6,1184.4
1383,2023-11-14,56.04,56.14,56.02,56.06,927.4,502.0,1429.4
1384,2023-11-15,55.78,55.865,55.7,55.825,924.2,560.37,1484.57
1385,2023-11-16,55.9,55.935,55.75,55.79,477.75,798.7,1276.45
1386,2023-11-17,55.68,55.69,55.62,55.67,729.95,447.1,1177.05
1387,2023-11-20,55.54,55.56,55.45,55.55,779.1,732.55,1511.65
1388,2023-11-21,55.43,55.43,55.34,55.39,854.0,745.05,1599.05
1389,2023-11-22,55.5,55.62,55.44,55.45,644.32,567.0,1211.32
1390,2023-11-23,55.45,55.545,55.38,55.39,500.7,565.5,1066.2
1391,2023-11-24,55.35,55.49,55.3,55.38,637.6,551.7,1189.3
1392,2023-11-28,55.435,55.52,55.4,55.4,600.25,642.9,1243.15
1393,2023-11-29,55.29,55.4,55.28,55.39,541.55,555.0,1096.55
1394,2023-11-30,55.45,55.51,55.37,55.485,716.76,553.5,1270.26
1395,2023-12-01,55.55,55.57,55.39,55.4,582.75,599.95,1182.7
1396,2023-12-04,55.34,55.37,55.22,55.34,526.26,582.43,1108.69
1397,2023-12-05,55.4,55.445,55.295,55.32,723.5,626.1,1349.6
1398,2023-12-06,55.3,55.36,55.295,55.305,369.5,658.0,1027.5
1399,2023-12-07,55.37,55.42,55.26,55.3,548.55,662.6,1211.15
1400,2023-12-11,55.57,55.665,55.53,55.65,415.9,472.9,888.8
1401,2023-12-12,55.6,55.65,55.55,55.57,555.0,450.0,1005.0
1402,2023-12-13,55.67,56.08,55.67,56.055,807.25,797.0,1604.25
1403,2023-12-14,55.75,55.8,55.62,55.795,784.28,701.0,1485.28
1404,2023-12-15,55.73,55.75,55.65,55.655,582.7,264.0,846.7
1405,2023-12-18,55.8,55.875,55.76,55.87,421.4,377.3,798.7
1406,2023-12-19,55.8,56.0,55.8,55.95,717.15,589.7,1306.85
1407,2023-12-20,55.85,55.9,55.73,55.75,919.6,672.5,1592.1
1408,2023-12-21,55.78,55.785,55.57,55.57,378.85,462.4,841.25
1409,2023-12-22,55.35,55.435,55.33,55.4,518.7,564.35,1083.05
1410,2023-12-27,55.45,55.888,55.45,55.55,836.2,694.5,1530.7
1411,2023-12-28,55.65,55.69,55.48,55.48,506.75,523.9,1030.65
1412,2023-12-29,55.46,55.5,55.34,55.37,652.28,670.9,1323.18
1413,2024-01-02,55.45,55.67,55.44,55.67,670.6,590.5,1261.1
1414,2024-01-03,55.7,55.815,55.57,55.57,896.4,988.5,1884.9
1415,2024-01-04,55.75,55.78,55.465,55.5,871.5,844.2,1715.7
1416,2024-01-05,55.5,55.78,55.475,55.57,1122.65,924.8,2047.45
1417,2024-01-08,55.5,55.708,55.44,55.69,906.55,636.35,1542.9
1418,2024-01-09,55.73,56.09,55.635,56.01,928.75,1287.7,2216.45
1419,2024-01-10,56.15,56.41,56.15,56.275,1531.95,1014.5,2546.45
1420,2024-01-11,56.2,56.22,55.93,55.95,999.43,910.9,1910.33
1421,2024-01-12,56.03,56.075,55.87,55.911,922.2,774.0,1696.2
1422,2024-01-15,55.85,55.95,55.77,55.77,746.45,558.93,1305.38
1423,2024-01-16,55.85,55.99,55.795,55.83,773.6,843.1,1616.7
1424,2024-01-17,55.97,56.125,55.86,55.93,975.2,762.1,1737.3
1425,2024-01-18,55.87,55.9,55.765,55.84,885.5,545.2,1430.7
1426,2024-01-19,55.85,56.02,55.77,55.97,748.3,646.0,1394.3
1427,2024-01-22,55.95,56.33,55.95,56.33,961.5,747.2,1708.7
1428,2024-01-23,56.35,56.435,56.1,56.155,806.7,590.0,1396.7
1429,2024-01-24,56.3,56.42,56.2,56.3,497.5,882.9,1380.4
1430,2024-01-25,56.22,56.57,56.16,56.53,540.5,924.9,1465.4
1431,2024-01-26,56.5,56.54,56.29,56.29,520.8,854.5,1375.3
1432,2024-01-29,56.4,56.54,56.26,56.27,487.1,680.75,1167.85
1433,2024-01-30,56.3,56.475,56.2,56.401,746.1,575.0,1321.1
1434,2024-01-31,56.45,56.5,56.27,56.275,652.89,531.2,1184.09
1435,2024-02-01,56.25,56.35,56.06,56.115,857.88,920.09,1777.97
1436,2024-02-02,56.02,56.02,55.888,55.92,856.8,743.6,1600.4
1437,2024-02-05,56.1,56.315,56.1,56.29,579.75,503.0,1082.75
1438,2024-02-06,56.37,56.39,56.14,56.2,671.5,587.65,1259.15
1439,2024-02-07,56.08,56.12,55.95,55.95,566.7,728.2,1294.9
1440,2024-02-08,55.98,56.0,55.85,55.911,576.1,619.5,1195.6
1441,2024-02-12,56.05,56.16,55.98,56.005,433.45,514.3,947.75
1442,2024-02-13,56.0,56.05,55.905,55.94,690.75,567.5,1258.25
1443,2024-02-14,56.18,56.333,56.08,56.1,908.55,429.5,1338.05
1444,2024-02-15,56.06,56.06,55.94,56.02,443.7,514.98,958.68
1445,2024-02-16,55.93,56.02,55.9,55.96,440.85,484.35,925.2
1446,2024-02-19,55.87,56.13,55.86,56.07,825.35,686.0,1511.35
1447,2024-02-20,56.09,56.135,56.035,56.035,750.0,388.5,1138.5
1448,2024-02-21,55.99,56.1,55.9,55.94,618.0,674.1,1292.1
1449,2024-02-22,55.95,55.98,55.7,55.705,555.85,681.55,1237.4
1450,2024-02-23,55.8,55.965,55.74,55.9,628.4,620.51,1248.91
1451,2024-02-26,55.94,56.095,55.93,56.095,509.1,473.2,982.3
1452,2024-02-27,56.1,56.175,56.04,56.08,736.75,999.15,1735.9
1453,2024-02-28,56.14,56.28,56.12,56.25,572.25,545.25,1117.5
1454,2024-02-29,56.22,56.23,56.12,56.2,653.36,627.63,1280.99
1455,2024-04-01,56.17,56.27,56.125,56.255,345.15,502.0,847.15
1456,2024-04-02,56.35,56.41,56.3,56.315,669.25,539.37,1208.62
1457,2024-04-03,56.3,56.51,56.3,56.445,493.65,694.05,1187.7
1458,2024-04-04,56.35,56.5,56.35,56.355,429.05,831.55,1260.6
1459,2024-04-05,56.52,56.69,56.46,56.5,708.5,878.85,1587.35
1460,2024-04-08,56.7,56.7,56.45,56.491,494.8,725.8,1220.6
1461,2024-04-11,56.53,56.58,56.42,56.5,559.0,752.7,1311.7
1462,2024-04-12,56.4,56.55,56.39,56.53,554.3,530.5,1084.8
1463,2024-04-15,56.65,56.845,56.65,56.808,838.4,751.5,1589.9
1464,2024-04-16,56.85,57.0,56.85,57.0,620.35,480.1,1100.45
1465,2024-04-17,57.1,57.333,57.1,57.18,858.8,1064.0,1922.8
1466,2024-04-18,57.15,57.24,57.01,57.19,859.7,938.85,1798.55
1467,2024-04-19,57.35,57.655,57.32,57.65,1093.5,753.14,1846.64
1468,2024-04-22,57.555,57.6,57.41,57.54,482.55,672.5,1155.05
1469,2024-04-23,57.5,57.51,57.39,57.51,625.6,550.36,1175.96
1470,2024-04-24,57.4,57.575,57.31,57.55,669.95,708.15,1378.1
1471,2024-04-25,57.75,57.96,57.75,57.78,806.8,621.5,1428.3
1472,2024-04-26,57.73,57.88,57.65,57.71,838.8,847.75,1686.55
1473,2024-04-29,57.75,57.77,57.6,57.675,684.65,771.6,1456.25
1474,2024-04-30,57.6,57.77,57.45,57.76,975.5,915.9,1891.4
1475,2024-05-02,57.7,57.74,57.435,57.535,704.2,838.5,1542.7
1476,2024-05-03,57.4,57.5,57.345,57.345,805.8,605.3,1411.1
1477,2024-05-06,57.2,57.28,57.1,57.22,642.0,394.9,1036.9
1478,2024-05-07,57.27,57.29,57.21,57.221,612.5,559.0,1171.5
1479,2024-05-08,57.35,57.475,57.35,57.385,584.2,574.0,1158.2
1480,2024-05-09,57.44,57.45,57.33,57.38,520.8,577.0,1097.8
1481,2024-05-10,57.3,57.44,57.255,57.42,524.5,504.5,1029.0
1482,2024-05-13,57.63,57.87,57.59,57.86,482.0,650.0,1132.0
1483,2024-05-14,57.85,57.89,57.8,57.84,504.5,630.85,1135.35
1484,2024-05-15,57.71,57.74,57.505,57.505,594.5,677.5,1272.0
1485,2024-05-16,57.35,57.48,57.24,57.465,807.3,953.0,1760.3
1486,2024-05-17,57.53,57.75,57.53,57.62,963.0,794.48,1757.48
1487,2024-05-20,57.68,57.9,57.68,57.9,581.5,625.0,1206.5
1488,2024-05-21,57.97,58.28,57.97,58.27,988.35,631.65,1620.0
1489,2024-05-22,58.15,58.235,58.06,58.06,735.91,556.71,1292.62
1490,2024-05-23,58.15,58.3,58.13,58.13,628.95,636.05,1265.0
1491,2024-05-24,58.3,58.3,58.09,58.19,737.75,643.8,1381.55
1492,2024-05-27,58.18,58.2,58.06,58.11,390.5,401.0,791.5
1493,2024-05-28,58.07,58.07,57.9,57.97,838.7,405.68,1244.38
1494,2024-05-29,58.07,58.51,58.07,58.42,694.7,705.05,1399.75
1495,2024-05-30,58.5,58.73,58.5,58.635,749.65,637.5,1387.15
1496,2024-05-31,58.53,58.59,58.465,58.51,799.1,747.8,1546.9
1497,2024-06-03,58.47,58.7,58.41,58.68,646.99,668.2,1315.19
1498,2024-06-04,58.62,58.75,58.58,58.71,673.6,644.0,1317.6
1499,2024-06-05,58.8,58.8,58.65,58.78,718.7,600.5,1319.2
1500,2024-06-06,58.68,58.72,58.54,58.611,612.95,765.5,1378.45
1501,2024-06-07,58.555,58.59,58.49,58.52,682.6,552.0,1234.6
1502,2024-06-10,58.75,58.8,58.67,58.79,346.2,258.65,604.85
1503,2024-06-11,58.74,58.745,58.66,58.68,503.19,547.0,1050.19
1504,2024-06-13,58.48,58.69,58.47,58.58,756.68,561.5,1318.18
1505,2024-06-14,58.65,58.69,58.56,58.65,514.1,564.0,1078.1
1506,2024-06-18,58.68,58.73,58.6,58.62,469.7,388.83,858.53
1507,2024-06-19,58.62,58.77,58.58,58.755,580.4,349.6,930.0
1508,2024-06-20,58.79,58.83,58.7,58.78,883.78,397.8,1281.58
1509,2024-06-21,58.83,58.88,58.78,58.8,435.85,372.1,807.95
1510,2024-06-24,58.85,58.85,58.78,58.8,244.75,314.5,559.25
1511,2024-06-25,58.73,58.777,58.7,58.77,490.6,323.5,814.1
1512,2024-06-26,58.82,58.88,58.77,58.86,268.5,451.75,720.25
1513,2024-06-27,58.88,58.92,58.75,58.75,317.7,887.55,1205.25
1514,2024-06-28,58.7,58.715,58.58,58.61,599.05,567.5,1166.55
